trade_date,close,volatility,adx,plus_di,minus_di,width,regime
2022-01-04,4917.7653,,,,,50.0,-1.0
2022-01-05,4868.1202,,,,,50.0,-1.0
2022-01-06,4818.2318,,,,,50.0,-1.0
2022-01-07,4822.3689,,,,,50.0,-1.0
2022-01-10,4844.0451,,,,,50.0,-1.0
2022-01-11,4797.7735,,,,,50.0,-1.0
2022-01-12,4845.5787,,,,,50.0,-1.0
2022-01-13,4765.9191,,,,,50.0,-1.0
2022-01-14,4726.7317,,,,,50.0,-1.0
2022-01-17,4767.2762,,,,,50.0,-1.0
2022-01-18,4813.3472,,,,,50.0,-1.0
2022-01-19,4780.3784,,,,,50.0,-1.0
2022-01-20,4823.5091,,,,,50.0,-1.0
2022-01-21,4779.3142,,,9.830754533574975,25.04228026400998,50.0,-1.0
2022-01-24,4786.7377,,,10.192884825031504,27.80446681849063,50.0,-1.0
2022-01-25,4678.4511,,,9.719048284048808,31.480824974908273,50.0,-1.0
2022-01-26,4712.3109,,,9.83488540843797,27.953454929316297,50.0,-1.0
2022-01-27,4619.8765,,,9.246005575279865,29.603719393663315,50.0,-1.0
2022-01-28,4563.772,,,8.903837553267463,30.384862183829032,50.0,-1.0
2022-02-07,4634.0899,,,9.018431552175752,28.94494814137069,50.0,-1.0
2022-02-08,4608.7729,0.17462336961141328,,8.390847750810439,35.80762735506986,32.142857142857146,-1.0
2022-02-09,4652.0609,0.17805792488208588,,11.615218448081851,32.380362836443894,42.857142857142854,-1.0
2022-02-10,4639.8625,0.17553019788672683,,11.5392931379235,28.38983783627482,39.285714285714285,-1.0
2022-02-11,4601.3953,0.17667489732296038,,10.343572827274492,29.024445847883275,42.857142857142854,-1.0
2022-02-14,4551.6878,0.1772343800971419,,5.7845436034081485,35.17117651763467,39.285714285714285,-1.0
2022-02-15,4600.1025,0.18183676881214383,,6.39780040523913,35.8833615216555,39.285714285714285,-1.0
2022-02-16,4617.9893,0.17775055710250687,53.677448789728274,8.946590010153296,36.71247444543885,41.37931034482759,-1.0
2022-02-17,4629.1649,0.17036589670302738,54.64629437334992,9.777952743488195,35.89588651298348,31.03448275862069,-1.0
2022-02-18,4651.2358,0.16970490287286982,55.37265735616726,9.791213888171798,35.245098100576136,44.827586206896555,-1.0
2022-02-21,4634.3141,0.16630507417438206,55.106657812899975,10.504845352144816,30.76832961514544,48.275862068965516,-1.0
2022-02-22,4574.1527,0.1658198138714357,55.46124317994903,10.369401079893969,33.67297439318025,34.48275862068966,-1.0
2022-02-23,4623.0465,0.17130490071851712,54.642641994989745,13.353113950701351,31.866277411025777,41.37931034482759,-1.0
2022-02-24,4529.3189,0.17858333708313195,53.980795126519375,12.886360672892474,34.3241736567071,24.137931034482758,-1.0
2022-02-25,4573.4247,0.18260375888909777,53.73454548065325,12.06357319262506,35.28288861860413,27.586206896551722,-1.0
2022-02-28,4581.6459,0.18267128536676067,52.22729390291247,12.892741810730904,30.75933020508495,34.48275862068966,-1.0
2022-03-01,4619.6862,0.16912603626737097,51.55566621732534,14.247142691195114,31.560263689506396,37.93103448275862,-1.0
2022-03-02,4578.6007,0.16893250642596708,51.51085431851783,14.049076005190376,34.04259295760307,27.586206896551722,-1.0
2022-03-03,4551.6283,0.15580201369157118,51.10877100584205,14.241028958041483,34.71633857935942,37.93103448275862,-1.0
2022-03-04,4496.4301,0.15578543732283015,48.94234395427478,14.260970917721535,34.42975390915601,31.03448275862069,-1.0
2022-03-07,4352.7775,0.17970787951507125,48.14457371303697,11.869502864457788,45.426930633686524,17.24137931034483,-1.0
2022-03-08,4265.391,0.1895127160738682,49.1979648896059,6.928192490653654,49.764558858199,17.24137931034483,-1.0
2022-03-09,4226.3463,0.18374148541550056,51.03988976406486,5.290137063975538,56.83903926246412,13.793103448275861,-1.0
2022-03-10,4292.8374,0.19755666468208227,52.40462077389422,7.455132154080728,53.71471759849579,13.793103448275861,-1.0
2022-03-11,4306.5217,0.19830029215762712,54.51404655206086,6.915864933373331,57.802993419100446,13.793103448275861,-1.0
2022-03-14,4174.7577,0.2196245768267163,56.24156339857891,6.686279159634748,51.70138101312819,6.896551724137931,-2.0
2022-03-15,3983.812,0.25702318533000224,59.42060943408777,4.641589070870025,59.14895267483795,6.896551724137931,-2.0
2022-03-16,4156.081,0.3114207305130198,62.22686891969925,4.390419359746747,52.98790829114965,13.793103448275861,-2.0
2022-03-17,4237.6956,0.32270684335822286,63.1760548538767,11.845429203136446,51.0449102621686,17.24137931034483,-2.0
2022-03-18,4265.9017,0.3234723476351402,64.68404975380265,11.597005626348022,49.506532794086624,20.689655172413794,-2.0
2022-03-21,4258.7459,0.3235856766481254,66.8259023999693,9.385702986512038,48.876932814851926,20.689655172413794,-2.0
2022-03-22,4255.295,0.32199452013950736,68.64087677106865,9.462059363789898,47.85493178145481,24.137931034482758,-2.0
2022-03-23,4276.5174,0.31930801007450416,70.3559649451178,9.749261522280285,47.32064732840574,24.137931034482758,-2.0
2022-03-24,4251.3061,0.31343140729411695,72.00554145724729,9.806771886921126,45.468025401619464,24.137931034482758,-2.0
2022-03-25,4174.5742,0.3140007213740302,72.14185048726644,10.252839652213698,41.629298506785645,20.689655172413794,-2.0
2022-03-28,4148.4663,0.31320432608444787,71.05445681505259,10.550121835134126,42.64640083974318,20.689655172413794,-2.0
2022-03-29,4134.1441,0.3094547766169291,68.63669939752856,12.083919965278938,35.41755664855532,17.24137931034483,-2.0
2022-03-30,4254.0989,0.33213316736735143,66.08767970024347,15.091753924769028,35.162614263176216,41.37931034482759,-2.0
2022-03-31,4222.5968,0.33232355714522493,62.561013155242314,16.188484945043953,29.57702100695435,37.93103448275862,-2.0
2022-04-01,4276.158,0.3354720391215235,58.53552474769111,19.78311979122226,30.13650272226428,58.620689655172406,-2.0
2022-04-06,4263.8411,0.316739313440571,53.1999697379622,22.26857898783984,17.945691127386493,62.06896551724138,-2.0
2022-04-07,4209.0998,0.3119153814824899,48.085549248727666,25.54663571428854,19.630784996799672,51.724137931034484,-2.0
2022-04-08,4230.7669,0.3107698610223164,45.634681884130885,13.785380261662263,24.516784979068742,48.275862068965516,-2.0
2022-04-11,4100.0703,0.32372977433182926,43.964070296256345,13.059094702814777,29.515351898128017,27.586206896551722,-2.0
2022-04-12,4179.9727,0.3323155812440317,42.116489356637295,12.145601160201462,29.67468571688708,62.06896551724138,-2.0
2022-04-13,4139.737,0.31570182482999437,40.011312030641825,13.387468830346949,29.45991951814516,48.275862068965516,-2.0
2022-04-14,4191.5684,0.26853269038344724,37.59738147362282,14.721867918873372,28.602553646167816,58.620689655172406,-2.0
2022-04-15,4188.7472,0.22171626563822938,35.03423082432162,14.739774025350243,26.56673101053886,58.620689655172406,-2.0
2022-04-18,4166.3844,0.21054358283935956,32.64434197531029,14.906390315887652,25.94309332025163,41.37931034482759,-1.0
2022-04-19,4134.9017,0.20994309042459164,28.73620959975315,16.499088843748748,18.464549481347635,37.93103448275862,-1.0
2022-04-20,4070.7889,0.21577650771990795,26.557414860057843,15.863113747100007,23.12159583764903,34.48275862068966,-1.0
2022-04-21,3995.83,0.2232279134359104,27.665195488368187,8.889080440852222,31.014736297107103,27.586206896551722,-2.0
2022-04-22,4013.2498,0.22293917140709982,29.708945795219535,8.541224247354085,32.00302566562137,27.586206896551722,-2.0
2022-04-25,3814.9127,0.2771722498921346,34.01054122401474,4.296285936663921,40.83855831314116,3.4482758620689653,-2.0
2022-04-26,3784.1198,0.273299329979799,39.12022349167639,4.103560539068981,42.22558591151717,13.793103448275861,-2.0
2022-04-27,3895.5361,0.29888066943844177,43.461997057783115,5.682302855367301,37.82613544930992,17.24137931034483,-2.0
2022-04-28,3921.1073,0.30077544998040084,45.65763974608738,9.189301549639097,35.37217658680581,17.24137931034483,-2.0
2022-04-29,4016.241,0.29458503839895867,45.23434529016682,14.931220908765258,29.45856694297733,27.586206896551722,-2.0
2022-05-05,4010.2102,0.29408136483367975,44.11747499487486,17.30953682116444,29.65009769963551,31.03448275862069,-2.0
2022-05-06,3908.815,0.29907055088641293,44.18733668383361,15.545266653077988,34.999394242878246,20.689655172413794,-2.0
2022-05-09,3877.4364,0.29930203567257035,45.274406074419495,14.000089792016757,39.08878235371181,10.344827586206897,-2.0
2022-05-10,3919.8684,0.3024742884089946,46.82837139724798,13.329576753401767,40.405396046954486,20.689655172413794,-2.0
2022-05-11,3976.4231,0.30769269307749464,47.010782335035415,19.958825253234888,36.719620871487514,27.586206896551722,-2.0
2022-05-12,3958.74,0.28958771830952157,48.89946655644257,19.175406898990975,37.27516596941934,27.586206896551722,-2.0
2022-05-13,3988.6002,0.2810323137888431,49.28158172921999,20.887702714155058,34.057093921496275,37.93103448275862,-2.0
2022-05-16,3956.5378,0.28053132288719984,46.199132068861786,22.542787286063533,28.86207568962154,24.137931034482758,-2.0
2022-05-17,4005.8934,0.2804995375789232,42.71018160184028,23.10724891800563,27.690106154873114,37.93103448275862,-2.0
2022-05-18,3991.9069,0.28048604225662627,38.1409944569297,27.014148377491004,19.166321291118972,41.37931034482759,-2.0
2022-05-19,3999.5984,0.2806118794354735,33.63713530865495,27.78632836443466,18.822843807275113,44.827586206896555,-2.0
2022-05-20,4077.5998,0.289658038756887,30.274349064889325,34.46742534710613,19.897371980912833,68.96551724137932,-2.0
2022-05-23,4053.9823,0.28501592349906674,27.556981482252922,30.815102014629687,20.23979446735698,55.172413793103445,-2.0
2022-05-24,3959.1541,0.2897768894819051,25.67138938199753,24.24583587675309,27.52195298635074,27.586206896551722,-2.0
2022-05-25,3983.1784,0.29020449096542106,24.731255149222243,22.372189891684425,29.127509948137597,31.03448275862069,-2.0
2022-05-26,3993.0446,0.22453691249809216,22.76489897884284,26.360065110476754,21.15266945895718,41.37931034482759,-2.0
2022-05-27,4001.2988,0.22113636830004554,21.49433735808788,29.720266458484584,16.190377094776657,48.275862068965516,-2.0
2022-05-30,4029.0179,0.19856395099846824,21.055443103638385,32.509166164152795,12.566330725585741,62.06896551724138,1.0
2022-05-31,4091.5176,0.20390377213802838,21.60441923252853,28.798935141751635,13.16446581784341,75.86206896551724,1.0
2022-06-01,4083.1772,0.18683207890015313,21.975445818376887,29.285058684767822,13.386680866204962,68.96551724137932,1.0
2022-06-02,4089.5682,0.18662781314935695,22.664585991154087,27.606210038204875,13.715389460323257,68.96551724137932,1.0
2022-06-06,4166.085,0.16878827844475486,24.90453470819742,33.655475991755274,13.201330088212144,75.86206896551724,1.0
2022-06-07,4179.1285,0.1634668978766177,27.66809318914409,37.635531278880656,13.322573221271716,75.86206896551724,1.0
2022-06-08,4219.8122,0.1628219388393411,29.988408541460394,38.775733139672305,13.105709647670475,79.3103448275862,1.0
2022-06-09,4175.6747,0.16511123889390145,32.95256027407025,39.04654415451298,9.540176420161405,82.75862068965517,1.0
2022-06-10,4238.9936,0.16880196016667237,34.13159404407009,29.3255857460777,11.601354803941563,93.10344827586206,1.0
2022-06-13,4189.3527,0.1763225609544217,35.707845073951276,27.99894396477936,11.220449836868712,68.96551724137932,1.0
2022-06-14,4222.3114,0.17269567120635845,38.78622799833338,27.276240207228824,9.231821580429278,82.75862068965517,1.0
2022-06-15,4278.2178,0.17325538063011334,42.64559105202899,36.8938918209258,7.251211677663748,86.20689655172413,1.0
2022-06-16,4250.0614,0.17520990538280387,46.48242111031724,34.32085928870994,7.362128325080667,75.86206896551724,1.0
2022-06-17,4309.0444,0.17915313677752434,48.14469938211371,29.919272950023938,9.256963672590809,82.75862068965517,1.0
2022-06-20,4330.4328,0.16941360427502136,49.11300514058064,33.62910768411134,8.993479878170374,82.75862068965517,1.0
2022-06-21,4325.5657,0.16696883290600067,49.892287262170505,28.683542763561803,10.034223498101246,79.3103448275862,1.0
2022-06-22,4270.6227,0.1474785276306904,50.237828406685345,27.9626385193642,11.39503706754343,58.620689655172406,1.0
2022-06-23,4343.8781,0.15477406559082021,50.963758942461986,27.685450870850335,10.825562405055189,72.41379310344827,1.0
2022-06-24,4394.7723,0.15672283812374038,50.79768110834643,27.151186364919223,11.271926412732087,75.86206896551724,1.0
2022-06-27,4444.2639,0.1579502790995518,50.70445582124048,29.853901848035928,10.928304447511692,75.86206896551724,1.0
2022-06-28,4490.5166,0.15890286282157104,50.4725541470436,29.118564171556898,10.70670118459566,86.20689655172413,1.0
2022-06-29,4421.357,0.17049405486699545,49.45825653115234,28.785869233469764,10.504436561911044,79.3103448275862,1.0
2022-06-30,4485.0108,0.17281736016611343,50.256334265919286,29.884317254393757,8.805868915961888,86.20689655172413,1.0
2022-07-01,4466.7179,0.17534416226130772,51.091975324523204,30.672391174922303,9.038086891068623,79.3103448275862,1.0
2022-07-04,4496.0303,0.16738852888159136,52.285686748504695,32.13958663696576,6.550687781968173,68.96551724137932,1.0
2022-07-05,4489.5383,0.1684412037799473,51.56952372220697,24.79364508802785,6.766091409249072,62.06896551724138,1.0
2022-07-06,4423.9698,0.17861473169205508,49.68537459393575,24.025205891091996,10.719023289804962,44.827586206896555,1.0
2022-07-07,4443.4736,0.17206642920149254,49.20093055477654,24.78575573826646,9.176702202318623,44.827586206896555,1.0
2022-07-08,4428.781,0.16741683198139562,48.04059372042908,22.60252848494381,9.332151925392965,55.172413793103445,1.0
2022-07-11,4354.6167,0.17381589610531364,45.51929885851162,22.017677322149154,16.99681806722714,44.827586206896555,1.0
2022-07-12,4313.6184,0.17686852989434906,43.13620104519141,21.82041613818793,18.315875717023676,37.93103448275862,1.0
2022-07-13,4321.4617,0.17104595724843175,40.26752166877815,21.358340123963917,19.866860464788886,34.48275862068966,1.0
2022-07-14,4322.0742,0.16897630018920864,37.8659245548243,16.98403831269377,19.819773929937,24.137931034482758,-1.0
2022-07-15,4248.5273,0.17302869549452873,37.416454006350456,10.067847521100285,23.555483307271235,31.03448275862069,-1.0
2022-07-18,4292.5858,0.17638712934639952,38.016671875583974,7.800414324641915,26.588901641220485,24.137931034482758,-1.0
2022-07-19,4269.3401,0.1772826423048696,38.75370804491803,7.56313229179604,27.490012051934016,27.586206896551722,-1.0
2022-07-20,4283.8027,0.17182432774439316,38.82999390550112,8.359821147103736,29.253057925321148,24.137931034482758,-1.0
2022-07-21,4236.0578,0.16399720164348552,39.17364756549136,8.393547546375023,32.84351224547609,27.586206896551722,-1.0
2022-07-22,4238.2341,0.15696044987400623,38.73614058604541,8.394015843857744,33.58940240335914,20.689655172413794,-1.0
2022-07-25,4212.6441,0.1497649719208725,40.01114109584016,5.172516425424274,36.161338083184624,20.689655172413794,-1.0
2022-07-26,4245.9758,0.14712282077524866,41.53031768173347,8.339542114771186,32.910609574879835,17.24137931034483,-1.0
2022-07-27,4225.0357,0.13969296151757954,42.48426782579226,8.713151865055124,34.11913741884959,13.793103448275861,-1.0
2022-07-28,4225.6733,0.12564835868823263,43.637341390918586,9.237703372341564,34.43708873110253,31.03448275862069,-1.0
2022-07-29,4170.1019,0.13075805133149118,46.52443745457065,9.41453608268984,30.894801592052424,20.689655172413794,-1.0
2022-08-01,4188.6784,0.12882853329190375,49.68101061839171,9.491589926717134,30.83262690156688,27.586206896551722,-1.0
2022-08-02,4107.024,0.14041430608318298,53.62239997707945,8.82673085956279,34.018705086428916,20.689655172413794,-1.0
2022-08-03,4066.9754,0.13674743178500218,57.69851613370308,7.31785335504491,34.226197120431365,24.137931034482758,-1.0
2022-08-04,4101.5367,0.14085576944664502,59.12222681941459,7.774012150039224,31.140672921072504,27.586206896551722,-1.0
2022-08-05,4156.9111,0.15391632179961168,57.580003843372516,14.19255377745997,28.20082940303894,34.48275862068966,-1.0
2022-08-08,4148.0746,0.14525218665769507,55.87971230098973,14.763370449101101,29.335051180864962,31.03448275862069,-1.0
2022-08-09,4156.2907,0.1435616356645887,54.518522438786256,13.71233056981187,29.470287082308484,37.93103448275862,-1.0
2022-08-10,4109.7373,0.14659517313019546,52.95492377911718,13.365815442026113,29.337057132792864,27.586206896551722,-1.0
2022-08-11,4193.5428,0.167507778225517,50.04854282200436,17.103169711876035,25.29614931797149,58.620689655172406,-1.0
2022-08-12,4191.152,0.15709300498063467,45.777260885698695,18.347574724506256,24.911775926750206,62.06896551724138,-1.0
2022-08-15,4185.6794,0.15161783819908764,42.78917046049873,17.444175271817556,24.96437240911135,48.275862068965516,-1.0
2022-08-16,4177.837,0.15083628911609145,39.88249900108135,17.24164826740097,25.132383878730835,41.37931034482759,-1.0
2022-08-17,4216.9586,0.15460769592418483,37.998856346298844,13.736070545766102,26.26808555629595,51.724137931034484,-1.0
2022-08-18,4180.0996,0.15268498232051886,35.33042059657761,14.40190595796016,19.859982087771854,48.275862068965516,-1.0
2022-08-19,4151.0738,0.15423690958064992,32.487645634214324,15.00528243482597,19.539163089783376,37.93103448275862,-1.0
2022-08-22,4181.3965,0.15571397135481593,28.474550947866582,16.44050826704956,15.60289100902745,41.37931034482759,1.0
2022-08-23,4161.0823,0.15333229975098783,24.600595468792612,18.3341852060128,14.839276548969094,31.03448275862069,1.0
2022-08-24,4082.4195,0.16565323826798825,21.445525109674783,16.998099549570593,23.413374043609338,24.137931034482758,-1.0
2022-08-25,4116.2396,0.169310394614498,22.364941960331297,9.754579944449972,26.316967468982288,27.586206896551722,-1.0
2022-08-26,4107.5455,0.16345833530774834,22.52033804255041,12.341241830907293,25.760234051755187,31.03448275862069,-1.0
2022-08-29,4089.5205,0.16276853056953014,23.25625725106443,11.2263633751881,30.97349128825658,17.24137931034483,-1.0
2022-08-30,4075.7937,0.1480579515140229,23.555531604174554,11.596854386835531,28.112077656853845,20.689655172413794,-1.0
2022-08-31,4078.8402,0.14383705702892444,25.642803685033588,9.986724128127321,28.830727835460166,37.93103448275862,-1.0
2022-09-01,4043.7395,0.14353832685157372,28.44468033587516,8.475891461334854,28.699345255014297,27.586206896551722,-1.0
2022-09-02,4023.6131,0.13401182322104752,32.146874414257134,6.006656788436944,33.46337526990716,34.48275862068966,-1.0
2022-09-05,4015.4264,0.13400742451864,35.91666304061781,5.9852872385984535,35.8679235263535,37.93103448275862,-1.0
2022-09-06,4052.2802,0.13889706220031642,37.29610855450003,11.426720460944779,34.871875765774185,34.48275862068966,-1.0
2022-09-07,4054.983,0.133896156716105,39.347069435559845,13.426508813980325,35.083092243440746,34.48275862068966,-1.0
2022-09-08,4037.6839,0.1087873413276735,41.312080142993814,13.511948726399256,32.00959282602538,41.37931034482759,-1.0
2022-09-09,4093.7874,0.12235073316611997,42.86799222150561,17.685285747769946,29.099190475754778,53.333333333333336,-1.0
2022-09-13,4111.1145,0.12382549986273676,43.22800949598618,21.426552345479216,29.332531673555184,63.33333333333333,-1.0
2022-09-14,4065.359,0.12906907631809972,42.86651610886514,22.441368812341413,27.88348683998357,46.666666666666664,-1.0
2022-09-15,4027.1186,0.1255881766643958,40.85726693185526,21.511722581596484,30.819252202369444,53.333333333333336,-1.0
2022-09-16,3932.6826,0.14499331377061442,40.96275291523434,17.231026004274753,37.20786086798936,36.666666666666664,-1.0
2022-09-19,3928.0001,0.1443578439948465,40.00287912145591,17.336298125978928,34.69033995287793,40.0,-1.0
2022-09-20,3932.8361,0.14031792675373878,39.18146238149753,18.063028748812513,33.61270496034131,33.33333333333333,-1.0
2022-09-21,3903.7348,0.14104703504437482,38.78157211848303,15.79316230279507,39.5696934453704,20.0,-1.0
2022-09-22,3869.344,0.13022831821662229,38.14225567942016,15.929940289610375,42.47487321652754,16.666666666666664,-1.0
2022-09-23,3856.0212,0.12366288475099421,36.36668242822139,15.767573363836565,41.26360916269644,16.666666666666664,-1.0
2022-09-26,3836.6773,0.12374409990442552,34.112823866905146,15.90823300156011,36.9822690830649,13.333333333333334,-1.0
2022-09-27,3892.295,0.1389212072621944,34.3637951048987,10.7063510403045,35.99795515014289,16.666666666666664,-1.0
2022-09-28,3828.7098,0.14744552295485905,35.471089627648325,8.67760627175349,34.86940974600726,16.666666666666664,-1.0
2022-09-29,3827.1434,0.14710398862071075,37.02175147938154,8.309998917714006,35.826611287895254,13.333333333333334,-1.0
2022-09-30,3804.8853,0.1460585280055929,40.84476181996789,4.634164488990738,37.3399150074119,20.0,-1.0
2022-10-10,3720.9365,0.16095963677906067,46.55984062418538,1.0077699391105475,44.66086975185479,6.666666666666667,-1.0
2022-10-11,3727.6867,0.1621121443510074,52.580419854943884,1.0428324232138706,41.53988138182865,13.333333333333334,-1.0
2022-10-12,3784.3064,0.16965485496040722,58.09855754419051,1.0038969927444736,39.474332458312595,13.333333333333334,-1.0
2022-10-13,3752.6729,0.1698381140138485,62.18506485490929,1.0771123987142095,34.2785847158932,13.333333333333334,-1.0
2022-10-14,3842.4698,0.1962693465286367,63.30368685650666,9.975615155435293,29.157318278325977,16.666666666666664,-1.0
2022-10-17,3846.4119,0.18720325011079061,64.77666363718353,9.485715888374758,29.005682232505947,23.333333333333332,-1.0
2022-10-18,3838.2667,0.1852759396509274,64.24751276679407,11.92413685096628,25.072076274122423,23.333333333333332,-1.0
2022-10-19,3776.5335,0.18883059949503508,63.934910869381596,11.653878755797722,27.90005612582826,23.333333333333332,-1.0
2022-10-20,3754.9269,0.18778063718935337,63.89038629912869,11.416630166810721,29.416904214316457,26.666666666666668,-1.0
2022-10-21,3742.8929,0.1722576048169347,64.3512906318427,11.140614306473427,30.349354613278756,33.33333333333333,-1.0
2022-10-24,3633.3733,0.19669635840625588,64.63034482170973,10.261547085488761,38.67214084052806,23.333333333333332,-1.0
2022-10-25,3627.4542,0.19598333092663103,64.63183116029056,10.13914435488327,40.7689196524912,16.666666666666664,-1.0
2022-10-26,3656.9027,0.20007015029055228,63.69783760110469,13.071327865870922,38.459856381356445,27.586206896551722,-1.0
2022-10-27,3631.1448,0.1995090365751235,61.61488016504832,12.98413527403742,37.69309539431356,33.33333333333333,-1.0
2022-10-28,3541.3295,0.21380259567819151,58.35426758757085,12.908257148698784,38.66085011606533,30.0,-1.0
2022-10-31,3508.7034,0.2145428866946164,55.31005393155248,12.612416079139225,40.473600106493095,33.33333333333333,-1.0
2022-11-01,3634.1732,0.24973444597818645,50.50776594946216,20.374786599124608,36.07115250512101,50.0,-2.0
2022-11-02,3677.8051,0.2503871436797266,44.81957161295419,25.62672582785599,34.15959248006679,50.0,-2.0
2022-11-03,3647.8966,0.2512801773021738,43.46888826813773,19.438198255786446,36.18470245777135,50.0,-2.0
2022-11-04,3767.1746,0.279670813581235,40.47302942095542,27.778549540492108,33.119635781549746,56.666666666666664,-2.0
2022-11-07,3775.2971,0.26768939365598216,38.68367668395892,26.657810119753506,32.904509929375614,60.0,-2.0
2022-11-08,3749.3251,0.2690535659265838,36.18568595753858,26.851124445477208,30.340749194120608,53.333333333333336,-2.0
2022-11-09,3714.2704,0.2652673105445036,33.05687415303343,27.54255175771711,27.696514903687103,50.0,-2.0
2022-11-10,3685.6885,0.2650267846410191,30.25204319373493,27.412610236795608,31.558058634018643,43.333333333333336,-2.0
2022-11-11,3788.4387,0.2702278339249207,28.078445176746623,38.90442771770981,22.060441768938546,73.33333333333333,-2.0
2022-11-14,3794.0171,0.2702674837217914,26.250084896846545,41.01733207632966,19.943347282036676,73.33333333333333,-2.0
2022-11-15,3865.9726,0.2788688499747957,25.151329473119315,39.566766262683295,19.538522571721657,86.66666666666667,-2.0
2022-11-16,3834.3899,0.27399714547527687,24.16419748153785,40.30970953101823,19.435963186385855,83.33333333333334,-2.0
2022-11-17,3818.664,0.2735377936521868,23.78907960643996,41.80501482624356,15.982064706462026,83.33333333333334,-2.0
2022-11-18,3801.5686,0.2738331160903533,23.999257830421566,44.30536192755041,12.706307822209146,80.0,-2.0
2022-11-21,3769.1269,0.25259622229847506,24.259452976142793,38.77587165880087,20.221037993406167,86.66666666666667,-2.0
2022-11-22,3769.5727,0.25234342780598396,25.22974624654054,37.09598871909324,20.931602910503905,73.33333333333333,-2.0
2022-11-23,3773.5287,0.2513314191635681,25.068972511902718,37.53797742884576,21.180997318980847,66.66666666666666,-2.0
2022-11-24,3756.8082,0.25029643130528334,25.32303782334025,29.71575701272587,23.193414711919605,63.33333333333333,-2.0
2022-11-25,3775.7764,0.22988320529415643,25.17933959327255,28.55160702999414,24.08977838147305,56.666666666666664,-2.0
2022-11-28,3733.2424,0.23147552519607725,24.87660284207276,27.062574461761923,28.09023392867886,46.666666666666664,-2.0
2022-11-29,3848.4224,0.2228159227310989,26.27078591137908,37.069654083382545,24.81764870892444,56.666666666666664,-2.0
2022-11-30,3853.0365,0.22028494611151425,27.99239238474882,38.9760617592703,20.46940007618986,56.666666666666664,-2.0
2022-12-01,3894.7687,0.2185139336820454,27.77343325528395,35.69200494903937,21.615285308993883,66.66666666666666,1.0
2022-12-02,3870.9478,0.1911367751356794,26.399904319499115,34.87838111043508,25.60065784151891,73.33333333333333,1.0
2022-12-05,3946.8759,0.20177013360271812,25.355558224648373,38.67163489010816,26.178372167855603,73.33333333333333,1.0
2022-12-06,3968.1979,0.19905026179110552,24.57672626608839,41.89757605473907,25.66062285428956,80.0,1.0
2022-12-07,3958.4409,0.19487823947021318,24.044456114182953,43.22018326319774,19.767118803333318,83.33333333333334,1.0
2022-12-08,3959.1798,0.19097114100525667,22.53912966054531,41.522327548350866,20.289377010831295,70.0,1.0
2022-12-09,3998.2442,0.17024547966602163,24.324005985853145,45.60887688087219,12.700034735500507,73.33333333333333,1.0
2022-12-12,3953.4433,0.17731095882393033,26.098408543378905,41.519050438145086,12.861552361390588,76.66666666666667,1.0
2022-12-13,3945.6813,0.16614912663141243,27.63584670008165,42.18657828267108,14.295458631412778,73.33333333333333,1.0
2022-12-14,3954.8857,0.1625442168995543,30.241173711848287,42.38048255448927,14.581762021466341,76.66666666666667,1.0
2022-12-15,3951.9885,0.1614136415021395,33.092349803830885,42.907737014166436,14.922378874622352,70.0,1.0
2022-12-16,3954.227,0.15981139679704856,38.301912679963365,47.10210827918719,6.791335060523875,70.0,1.0
2022-12-19,3893.2207,0.16753609890910337,39.67443665175898,32.599115964199164,14.30182864129496,43.333333333333336,1.0
2022-12-20,3829.0173,0.17952576015323057,38.37442012341965,28.837883618800834,22.23337968003489,26.666666666666668,1.0
2022-12-21,3830.5384,0.17953073833663757,37.23836810201817,20.273736878687952,24.1175069535654,23.333333333333332,-1.0
2022-12-22,3836.028,0.17846361110383266,36.82190781092148,23.38298161123797,19.321779890144054,33.33333333333333,1.0
2022-12-23,3828.2188,0.17815786756738156,36.35548822238235,17.41231653342578,22.49443550977313,23.333333333333332,-1.0
2022-12-26,3843.4887,0.17265762900633183,36.63794028474025,13.362280398684035,23.749161385144987,20.0,-1.0
2022-12-27,3887.854,0.13957124733533297,35.146526111718615,17.25795595392838,24.006705910234015,36.666666666666664,-1.0
2022-12-28,3871.2644,0.14057734133151895,33.83314619124393,17.186043680052574,23.71543283956532,40.0,-1.0
2022-12-29,3856.7007,0.1354929588968862,32.38388942428014,12.818685650070579,27.333306177673045,26.666666666666668,-1.0
2022-12-30,3871.6338,0.13459501119132095,30.509726672593867,16.340788040238603,28.0995965833569,40.0,-1.0
2023-01-03,3887.8992,0.11448595469172014,29.351813465001424,15.373151991308893,30.633400373070046,43.333333333333336,-1.0
2023-01-04,3892.9477,0.11248084504963152,28.122526040575227,16.0418068622319,30.858566460012376,60.0,-1.0
2023-01-05,3968.5782,0.13342264936308235,25.001580456607858,25.026007968795128,27.493986748154377,80.0,-1.0
2023-01-06,3980.8888,0.13383065550778925,19.817307653482196,28.617636992823908,27.376057491196555,80.0,0.0
2023-01-09,4013.1196,0.13229208773779866,18.671669097884568,34.175266313521476,21.40616580366353,80.0,0.0
2023-01-10,4017.4737,0.1252201457996822,21.494200331987923,38.51661889982973,12.014417022929754,80.0,1.0
2023-01-11,4010.0309,0.12518795528329024,24.763034101666033,40.49673086430729,11.952524349131314,80.0,1.0
2023-01-12,4017.8692,0.12513528945285307,27.476884843090577,37.88477948359373,13.483068426053075,76.66666666666667,1.0
2023-01-13,4074.3772,0.1334473929304612,30.995531449276886,44.63247808467399,10.470694456152215,83.33333333333334,1.0
2023-01-16,4137.9643,0.14234514739273738,34.04777771873433,54.12687439382206,9.28331521780246,96.66666666666667,1.0
2023-01-17,4137.2422,0.12655394195254716,37.735864561173685,50.1031892178186,9.547722333259426,96.66666666666667,1.0
2023-01-18,4130.3143,0.10531954209752932,41.521526069475385,51.14642423311578,9.39515693055803,100.0,1.0
2023-01-19,4156.0077,0.10484044832515119,43.75969361858837,49.767683620765,9.662257225397312,96.66666666666667,1.0
2023-01-20,4181.5267,0.10457968755966364,46.775659587479886,51.803778456174065,9.617584309446636,100.0,1.0
2023-01-30,4201.345,0.10182891362147932,50.75232728369844,61.69822819176169,3.6451558602536753,100.0,1.0
2023-01-31,4156.8578,0.11538705939481708,53.53107390505657,57.542248493971016,9.9581917220935,90.0,1.0
2023-02-01,4195.9332,0.11375647838458501,57.43152305473726,49.291229980003415,12.591451669264181,93.33333333333333,1.0
2023-02-02,4181.1493,0.11308180954596533,61.40724280361781,46.98927470757796,12.536997022113749,90.0,1.0
2023-02-03,4141.6319,0.11978686093536402,62.04095064333143,41.418814819453985,21.410461166232988,70.0,1.0
2023-02-06,4086.8779,0.13381097558616137,59.7433154886862,37.8097571078434,25.05955673621137,66.66666666666666,1.0
2023-02-07,4094.2335,0.1337352720467495,57.16308237297256,36.57516021030198,25.25981875163158,60.0,1.0
2023-02-08,4076.1411,0.13600667717122575,55.06237307793407,35.99776082526574,24.966863804371844,50.0,1.0
2023-02-09,4130.8565,0.12739692904591565,51.59838549570547,32.353156225415994,24.656704427205995,63.33333333333333,1.0
2023-02-10,4106.3097,0.13040322085025594,47.4615351131357,20.786796832669136,26.891472079369677,53.333333333333336,-1.0
2023-02-13,4143.574,0.13109574955911552,43.04484234575948,23.00233847787519,26.01928083475068,63.33333333333333,-1.0
2023-02-14,4145.2902,0.13115455884634858,38.50138846684718,23.33933664824665,25.980204332695134,60.0,-1.0
2023-02-15,4123.6893,0.13285767825264952,33.861530467501424,23.736772517956663,24.966793483340684,43.333333333333336,-1.0
2023-02-16,4093.4876,0.13640822546411296,30.715432705266437,17.466491960626705,28.887019682916854,36.666666666666664,-1.0
2023-02-17,4034.507,0.1375880778136047,28.894658997881038,7.651026948377051,34.103382032418786,30.0,-1.0
2023-02-20,4133.4896,0.15407292539298673,26.85626385465427,10.989536442907662,26.877282526631717,53.333333333333336,-1.0
2023-02-21,4144.3536,0.15435408036865642,24.85663714352473,13.450192836167302,25.712181474503186,53.333333333333336,-1.0
2023-02-22,4106.9506,0.1576639846817171,23.530563363546097,11.911016561165768,27.342526043160326,43.333333333333336,-1.0
2023-02-23,4103.6463,0.15580883531640558,23.162237014837366,12.439889383855606,21.49742690832821,46.666666666666664,-1.0
2023-02-24,4061.0457,0.15737502222779787,23.660752837871467,12.79279812326051,22.3810982751257,26.666666666666668,-1.0
2023-02-27,4043.8444,0.15593845671735795,24.6087215064456,12.550797902034796,24.13179138187787,20.0,-1.0
2023-02-28,4069.4587,0.15494589699294586,25.620352322529158,12.40084415216742,24.210468114222707,36.666666666666664,-1.0
2023-03-01,4126.9415,0.15998517009062566,25.714512777871246,17.768628347668237,23.95080503399528,66.66666666666666,-1.0
2023-03-02,4117.7377,0.1597568087949002,25.81287975994607,18.365768108628018,24.43541812803253,63.33333333333333,-1.0
2023-03-03,4130.5513,0.15684332136939527,27.20521710300729,15.940866134867893,26.93803085711,66.66666666666666,-1.0
2023-03-06,4109.0102,0.15039471095760357,29.01236094717395,14.81084566940733,27.905326290346295,56.666666666666664,-1.0
2023-03-07,4048.8519,0.1592970471631954,31.482435087395977,14.043357007475507,30.61426634595696,40.0,-1.0
2023-03-08,4034.1077,0.15906773183123404,32.21281917166544,15.242653446833291,31.55936761120543,33.33333333333333,-1.0
2023-03-09,4019.8505,0.15058538637594085,29.80174335032513,15.874259399293175,29.221263698167682,30.0,-1.0
2023-03-10,3967.1352,0.15557492817419824,30.347481312401964,12.354298230224565,36.668008869357834,26.666666666666668,-1.0
2023-03-13,4008.686,0.15693051502870278,32.096206113004946,10.23836963377813,36.08153230429557,33.33333333333333,-1.0
2023-03-14,3984.6956,0.1574801241730075,33.286696716896884,9.947103176292016,35.245708080937035,36.666666666666664,-1.0
2023-03-15,3986.902,0.15721499880639941,34.6338558869078,12.619752133710755,33.73315219119782,33.33333333333333,-1.0
2023-03-16,3939.1505,0.16028437328275252,36.067563413511444,12.714794759693346,35.56765580541192,33.33333333333333,-1.0
2023-03-17,3958.8194,0.15486078420247498,36.303172086873836,15.416544336806995,31.923814836146256,40.0,-1.0
2023-03-20,3939.077,0.1226561894033001,36.52013442594504,15.489822725447006,32.387897999283624,40.0,-1.0
2023-03-21,3982.3782,0.13052493770036216,40.04012913910122,7.414659532500758,33.890776500146224,43.333333333333336,-1.0
2023-03-22,3999.4427,0.1295154695126275,42.37564053489147,12.062870899507761,33.35301874730126,53.333333333333336,-1.0
2023-03-23,4039.0895,0.13550157381033442,42.97291746022005,14.984940271105584,30.430100417002027,60.0,-1.0
2023-03-24,4027.0457,0.13100267972308186,43.02620728299648,15.48458891078571,29.66043170157341,53.333333333333336,-1.0
2023-03-27,4012.4771,0.13078011207160273,42.417482169744275,16.427144033817434,29.577221285794682,60.0,-1.0
2023-03-28,3999.5147,0.12867970874900878,41.251980552476745,16.719377687506906,24.333064448743855,56.666666666666664,-1.0
2023-03-29,4006.144,0.11648695993764964,40.257531724314056,17.21361595008278,23.613174031914475,60.0,-1.0
2023-03-30,4038.5257,0.12123656986100845,37.27778194342931,20.866605512015603,17.817973740364046,83.33333333333334,1.0
2023-03-31,4050.9257,0.12121830235695771,34.34134522705726,24.808169669141954,18.455855755728255,76.66666666666667,1.0
2023-04-03,4090.5676,0.1258178023630711,32.57834907611795,31.095600211353595,16.27109360690713,80.0,1.0
2023-04-04,4103.1052,0.11399783218687291,31.39882363416327,30.167537487848207,16.59082827425429,80.0,1.0
2023-04-06,4096.64,0.11318964083052306,32.21077257003211,31.625752750298304,8.23054592598874,73.33333333333333,1.0
2023-04-07,4123.2799,0.11370579871296364,34.04042538570734,35.13921205345683,8.652202939886964,83.33333333333334,1.0
2023-04-10,4104.8118,0.1028010697480971,36.40496649492941,36.139133625016605,6.782010667310037,83.33333333333334,1.0
2023-04-11,4100.1479,0.09784037622464753,35.84816372385337,36.30819396960228,10.15049237455321,83.33333333333334,1.0
2023-04-12,4097.2876,0.09447126490664493,35.97025887610518,30.345743958954017,10.499871015782444,73.33333333333333,1.0
2023-04-13,4068.9786,0.0989762065158591,34.958044727358725,26.490858118261695,17.72028971674289,73.33333333333333,1.0
2023-04-14,4091.9988,0.08732973273872237,34.388458677166525,28.116557575206606,17.443453507285586,83.33333333333334,1.0
2023-04-17,4149.3836,0.09690342504889753,36.388797308331895,37.6627951149004,10.441169264198743,86.66666666666667,1.0
2023-04-18,4162.032,0.09292718228122555,39.352257777995995,41.63365759554093,10.397132751623154,80.0,1.0
2023-04-19,4124.5589,0.096506705513805,41.75555382376006,40.102053851845845,13.61047437927695,76.66666666666667,1.0
2023-04-20,4113.0192,0.09733287935560862,43.4345404114361,37.39514219061388,19.52870742800442,73.33333333333333,1.0
2023-04-21,4032.5672,0.11738039309445977,42.40047806456919,29.005600331687088,29.12523169739112,70.0,-1.0
2023-04-24,3982.6429,0.12498344667556907,42.176355018827735,22.1826196877324,39.57265850517983,53.333333333333336,-1.0
2023-04-25,3962.6658,0.12553975042010915,42.89519378594229,19.19317982897491,43.8382327791423,53.333333333333336,-1.0
2023-04-26,3959.2323,0.12516129436451498,41.47587555584143,18.681823971864304,42.39827219671439,50.0,-1.0
2023-04-27,3988.4185,0.12806330674389083,40.17398928972424,16.73884030923515,41.23927236498891,53.333333333333336,-1.0
2023-04-28,4029.0858,0.13007805603709094,37.526259403235535,21.266293911721554,40.67099340981065,66.66666666666666,-1.0
2023-05-04,4030.2471,0.12955676523217471,35.41390376046268,22.03326836062703,38.10954129352714,53.333333333333336,-1.0
2023-05-05,4016.8774,0.1243745133041226,33.582824488316966,22.76888830450636,36.33455546819637,53.333333333333336,-1.0
2023-05-08,4062.6624,0.13120922732333024,32.84760617163134,25.605451259375904,31.00924167277073,46.666666666666664,-1.0
2023-05-09,4027.8754,0.13430281529342544,31.607816880267055,26.04895718062496,29.415319134128964,46.666666666666664,-1.0
2023-05-10,3996.8695,0.13350172961386855,29.701826197548478,19.429548047598892,36.00843334313687,40.0,-1.0
2023-05-11,3990.6637,0.13304539596156337,28.055710427900216,16.601052266855763,36.09156041865169,40.0,-1.0
2023-05-12,3937.7622,0.13955278900985982,27.522308018455647,16.17823433818473,39.468139091464934,33.33333333333333,-1.0
2023-05-15,3998.8872,0.15278271787321532,28.162894892683287,15.25114291923636,35.88837976801964,43.333333333333336,-1.0
2023-05-16,3978.2054,0.1520399025910542,30.063462367574438,17.03107866614742,29.510660159260233,43.333333333333336,-1.0
2023-05-17,3960.165,0.1503411034274866,29.208331341133007,17.737519399245468,24.589282555134176,46.666666666666664,-1.0
2023-05-18,3956.0701,0.13864139078156698,26.729145635054813,18.346709346130037,20.031929261110317,50.0,-1.0
2023-05-19,3944.5403,0.1371720085087208,24.554379229058508,18.402233067963024,21.769293912827603,40.0,-1.0
2023-05-22,3969.3277,0.13849958856527508,22.291682347717796,17.78165927806608,21.989581749083865,50.0,-1.0
2023-05-23,3913.1882,0.14519026013203346,22.345115911843127,12.74012382190338,24.77367267986107,33.33333333333333,-1.0
2023-05-24,3859.0935,0.13744363717277222,23.756295105925993,11.623379751360718,31.81768737393544,30.0,-1.0
2023-05-25,3850.4996,0.13204998673419424,26.281350865142134,10.015157209574705,38.022850235586745,30.0,-1.0
2023-05-26,3850.9511,0.13157227160686655,30.624249383470783,6.772050276337459,38.90085123153177,33.33333333333333,-1.0
2023-05-29,3833.9416,0.13198563397897678,35.82826639683481,4.712169632093274,40.00733344929349,33.33333333333333,-1.0
2023-05-30,3837.7531,0.1281380920262783,39.26725965080095,4.632189877222736,37.57683739541592,36.666666666666664,-1.0
2023-05-31,3798.5434,0.1229787194355929,42.24231066054243,4.4558830052076335,37.26544916506218,26.666666666666668,-1.0
2023-06-01,3806.8679,0.12381857923286024,44.29602813994501,5.295973507396789,30.737742498813038,26.666666666666668,-1.0
2023-06-02,3861.8337,0.13808814414142898,44.827860500200096,10.37400379775852,29.37345944739108,36.666666666666664,-1.0
2023-06-05,3844.2492,0.12897551704906454,46.57570313767769,9.5826137344478,29.75773819385033,36.666666666666664,-1.0
2023-06-06,3808.1629,0.1295023409375961,49.19061602278098,9.191703983974906,29.753343682576546,40.0,-1.0
2023-06-07,3789.3418,0.1284767166609343,52.844362766975586,9.193770710156258,32.16696965597414,43.333333333333336,-1.0
2023-06-08,3820.1867,0.13404222535748503,55.64823093332502,10.560090194593247,29.77320294406206,43.333333333333336,-1.0
2023-06-09,3836.7026,0.12915338092775844,58.914358809198866,8.616950301951833,30.825403370507132,56.666666666666664,-1.0
2023-06-12,3844.4324,0.11385664224025858,59.43003446978145,12.219961335248241,28.041593284090354,60.0,-1.0
2023-06-13,3864.9074,0.11598615502611781,57.52655015394875,13.769705280754158,20.584944416234567,70.0,-1.0
2023-06-14,3864.0247,0.1154575267094722,54.10233832162618,17.906223095918975,14.543100829609731,56.666666666666664,1.0
2023-06-15,3925.4994,0.13047448096389264,50.80430461566126,22.61156873880072,13.807903400667968,66.66666666666666,1.0
2023-06-16,3963.3509,0.13475172886094947,47.59569035751709,28.25508127021913,13.915088695963645,76.66666666666667,1.0
2023-06-19,3930.9079,0.13597280798663322,45.36484715434596,28.87264951925535,10.45819190536679,66.66666666666666,1.0
2023-06-20,3924.2377,0.12617450630155858,43.25727100488822,30.679270635778195,10.464034501613797,66.66666666666666,1.0
2023-06-21,3864.0323,0.12850160503866717,39.69456779630904,29.11502587690029,19.117563100556094,43.333333333333336,1.0
2023-06-26,3809.6962,0.13786406162814027,37.04884556903683,23.528128051118088,29.202060921933164,33.33333333333333,-1.0
2023-06-27,3845.4334,0.14226230518688082,33.90403691457756,24.603820643079207,28.453796570841337,33.33333333333333,-1.0
2023-06-28,3840.7986,0.14140399612176083,30.25618316240379,25.672438883262238,24.800968722064475,36.666666666666664,1.0
2023-06-29,3821.8435,0.14248399110041182,26.99605720775695,26.530331621681434,21.749767853051498,33.33333333333333,1.0
2023-06-30,3842.4516,0.13860535499016227,24.478578765387113,28.39313751292478,22.132430501207985,30.0,1.0
2023-07-03,3892.8821,0.14551943836843914,22.013261139933338,32.792933921182154,21.057936322835047,60.0,1.0
2023-07-04,3899.0133,0.13685426863009195,20.390675899445533,30.658733701325104,21.937748844418977,53.333333333333336,1.0
2023-07-05,3868.8054,0.13887780913161374,19.63289107258036,29.275214426823066,24.328204800806315,40.0,0.0
2023-07-06,3842.7547,0.1367115385680031,19.417806101234607,24.63634105879369,28.546927816139124,40.0,0.0
2023-07-07,3825.6988,0.13645758821884546,19.467929972547527,20.147891372788084,33.49020520389615,33.33333333333333,0.0
2023-07-10,3844.3269,0.13451291030533816,19.52023162801328,16.302189171089847,33.65647189051286,26.666666666666668,0.0
2023-07-11,3869.4861,0.13560990180110566,18.373912578178185,17.70276245751592,33.43979707565449,40.0,0.0
2023-07-12,3843.4369,0.1378162575353023,17.097099315650542,17.179720500451882,32.80370717364453,36.666666666666664,0.0
2023-07-13,3898.4229,0.14585205003750681,15.773510336462506,22.139630304217434,23.134467001651792,70.0,0.0
2023-07-14,3899.1027,0.14583340810541523,17.37529546481416,25.710477582162305,12.89810285755829,60.0,0.0
2023-07-17,3867.1749,0.13685407219880008,17.25827451810822,23.55525730508355,21.04940151181453,53.333333333333336,0.0
2023-07-18,3854.9393,0.13144468635088286,17.28645754309064,24.133593918635203,23.131037805397327,46.666666666666664,0.0
2023-07-19,3850.8663,0.12894182788919836,16.842262665827793,23.836187907502424,25.65909880932937,50.0,0.0
2023-07-20,3823.6946,0.1307187743629185,16.332425099602684,22.626959319916576,25.13616651906626,40.0,0.0
2023-07-21,3821.91,0.11966940492958768,16.75167216176406,15.777182088906825,27.843016224451112,30.0,0.0
2023-07-24,3805.221,0.10964781638783153,17.880882170153747,14.991960914454063,29.356306063408923,26.666666666666668,0.0
2023-07-25,3915.1153,0.14725558931117694,17.909050155898825,28.02403254801774,23.10386292674112,53.333333333333336,0.0
2023-07-26,3907.0128,0.1474543142806316,18.87513988424084,28.95635242565127,18.953575925719207,50.0,0.0
2023-07-27,3902.3458,0.146083934369609,19.596921637312512,32.08378436085063,15.454917133596691,53.333333333333336,0.0
2023-07-28,3992.7376,0.16538253522961635,20.267664635679125,35.30597372675414,13.68665821992029,66.66666666666666,1.0
2023-07-31,4014.6301,0.1607057201176673,21.837119526264328,41.36469558501585,12.797679435041276,63.33333333333333,1.0
2023-08-01,3998.001,0.16198859245847794,23.006327070244193,40.596497247382835,14.402156665915648,66.66666666666666,1.0
2023-08-02,3969.895,0.1614760537773396,25.32478144683565,37.19867176010283,18.051369329384016,63.33333333333333,1.0
2023-08-03,4004.9839,0.16060931860272606,25.339314523329744,34.75466532111759,17.35566769680709,70.0,1.0
2023-08-04,4020.5792,0.15881138959751157,28.97593447251101,41.673286337176386,11.572897457246341,73.33333333333333,1.0
2023-08-07,3990.1531,0.16247977227275884,32.14653022346935,40.73246335171155,14.871391129697761,76.66666666666667,1.0
2023-08-08,3979.7322,0.162268257611577,35.219343340290095,40.24034729112297,14.619494213036887,60.0,1.0
2023-08-09,3967.5652,0.16032193829173072,37.99124799768091,40.120828125382616,15.579295159639054,56.666666666666664,1.0
2023-08-10,3975.7166,0.15322342299190056,38.99889157759137,40.65952388553617,16.701075683153352,50.0,1.0
2023-08-11,3884.2538,0.17541649408400112,38.54938719495659,37.34090995803865,21.8848721095692,23.333333333333332,1.0
2023-08-14,3855.9061,0.17490190833525526,38.44679908347856,27.627743183837033,32.55491228333104,20.0,-1.0
2023-08-15,3846.5357,0.17475010518915052,37.440811931690654,27.239859794610904,31.211310253483415,16.666666666666664,-1.0
2023-08-16,3818.3338,0.17663802905705245,35.825269645134384,24.53023606602113,31.45061662773295,16.666666666666664,-1.0
2023-08-17,3831.1008,0.1752657873156482,35.42746966552725,17.352722109227805,39.132613209559686,20.0,-1.0
2023-08-18,3784.0038,0.1807630046712062,36.011133238417706,9.66161454938365,39.776838302153294,16.666666666666664,-1.0
2023-08-21,3729.555,0.18704460359679007,37.22115102024168,9.581933528513517,44.503611574975665,6.666666666666667,-1.0
2023-08-22,3758.2271,0.15453884462464526,39.360121531446914,9.373711725814928,43.58707500659714,10.0,-1.0
2023-08-23,3696.6339,0.16276691823425862,41.65233699707754,9.114892334918954,43.694117797282246,6.666666666666667,-1.0
2023-08-24,3723.4293,0.16652785650532229,44.167303979496566,1.8849265053464386,43.75571929266104,6.666666666666667,-1.0
2023-08-25,3709.1517,0.1366958384512194,47.34250650674014,1.8983225741399767,40.11079633375014,6.666666666666667,-1.0
2023-08-28,3752.6194,0.14382311836364362,45.34346224333308,21.397397995643015,31.250935222973325,23.333333333333332,-1.0
2023-08-29,3790.1067,0.151317014500198,43.513090878498744,20.305739792883845,29.48452916246075,23.333333333333332,-1.0
2023-08-30,3788.5097,0.15058083641036688,41.57427227347697,20.60678581814544,27.66660892899796,40.0,-1.0
2023-08-31,3765.2678,0.1451836151616885,40.12107865181333,22.04888416578113,24.74023946156565,43.333333333333336,-1.0
2023-09-01,3791.4912,0.1475193880079578,40.755840319045646,24.44216289732016,17.313014078868367,43.333333333333336,1.0
2023-09-04,3848.9517,0.15952080384863124,42.08559442598949,28.800671142181844,17.129372557947512,60.0,1.0
2023-09-05,3820.3174,0.1607815365055673,43.017664699780184,28.806319526378026,17.13273196845462,53.333333333333336,1.0
2023-09-06,3812.0283,0.16073448341770902,42.35047465990884,29.637260697698846,16.234522385831635,46.666666666666664,1.0
2023-09-07,3758.4748,0.1655079308741214,39.223692137114895,28.85192316973526,20.408818999403444,43.333333333333336,1.0
2023-09-08,3739.9927,0.1476430113006867,36.32203450345451,29.59482415830111,18.160221576104576,33.33333333333333,1.0
2023-09-11,3767.537,0.14962686947868992,34.447435181141095,34.39919858493458,15.326103363547569,46.666666666666664,1.0
2023-09-12,3760.6048,0.14957279411974805,32.755005537623866,36.372193370380614,14.933651746958688,43.333333333333336,1.0
2023-09-13,3736.6513,0.1490781507402308,28.322916401882992,36.49329878537804,19.78405103647175,46.666666666666664,1.0
2023-09-14,3733.5077,0.14818395709057455,24.032653300889937,36.82772417912396,19.441343346639517,40.0,1.0
2023-09-15,3708.7766,0.14388328928787733,24.465293246492912,16.534414081912665,27.42414604855493,43.333333333333336,-1.0
2023-09-18,3727.711,0.13619357274805224,25.08225025799702,17.163910067473793,29.907123544129355,46.666666666666664,-1.0
2023-09-19,3720.5021,0.133250255349586,26.084344422472494,16.83253060449679,30.353091793624365,43.333333333333336,-1.0
2023-09-20,3705.6898,0.1202343498525797,27.346919155819915,17.341411251208903,27.9530657495748,36.666666666666664,-1.0
2023-09-21,3672.4448,0.12131275729127618,28.949660607792396,14.893929642604878,34.352025163906546,26.666666666666668,-1.0
2023-09-22,3738.9327,0.13760390218378094,30.498380160375287,12.06919154793729,33.55507710459686,66.66666666666666,-1.0
2023-09-25,3714.6037,0.13291031564754072,32.04709971295818,12.22082325514818,33.97664748126659,43.333333333333336,-1.0
2023-09-26,3692.8928,0.1281738994114088,33.25013231685888,12.180657904373968,32.983309309998006,46.666666666666664,-1.0
2023-09-27,3700.495,0.12869228709170155,34.38135835270683,13.934693202510434,27.646998047820215,46.666666666666664,-1.0
2023-09-28,3689.5172,0.12754881204744675,34.47865485946351,14.00641913050914,23.49726322788887,43.333333333333336,-1.0
2023-10-09,3684.7272,0.1240424613578019,36.1756028013138,7.418558851159895,31.744174905257633,43.333333333333336,-1.0
2023-10-10,3657.1259,0.10910756823373115,37.24482741652831,8.347481510396548,30.257974483023286,36.666666666666664,-1.0
2023-10-11,3667.5483,0.10908066194166208,38.54798261815636,8.6159218637948,24.480910039652905,46.666666666666664,-1.0
2023-10-12,3702.3824,0.11647455534144709,38.55993402481092,12.412456488337291,23.600107944359497,60.0,-1.0
2023-10-13,3663.4104,0.11199947563468739,39.30385264761708,12.402789550407716,25.87009117644701,43.333333333333336,-1.0
2023-10-16,3626.5972,0.11564590216194826,40.43102437559121,12.36125335233319,30.89977629696092,30.0,-1.0
2023-10-17,3639.4018,0.11250012814703039,41.44521890998202,12.329566069716842,30.820566696089912,36.666666666666664,-1.0
2023-10-18,3610.5767,0.11464684452539935,42.998964983900066,12.003462714747885,31.78928192778875,36.666666666666664,-1.0
2023-10-19,3533.5445,0.13303017219339913,43.991353721951555,11.173639752576902,36.78756773345428,26.666666666666668,-1.0
2023-10-20,3510.5889,0.13346382031346418,45.99127019245446,6.3803519200081205,44.850865982780604,26.666666666666668,-1.0
2023-10-23,3474.2438,0.1354338143307308,48.2562281748598,6.0387960128535,50.93774645069452,16.666666666666664,-1.0
2023-10-24,3487.1302,0.13438122927403534,50.50817447087341,5.933577940428217,47.01532429924176,16.666666666666664,-1.0
2023-10-25,3504.4576,0.1375068502808296,52.635817653530246,10.643756603250077,46.52509287568781,20.0,-1.0
2023-10-26,3514.1448,0.13891403989973386,55.41098455884393,10.5286828861634,48.223110353610195,30.0,-1.0
2023-10-27,3562.3851,0.1481926560470597,53.41254039726598,19.356496525490538,39.420647649637864,36.666666666666664,-1.0
2023-10-30,3583.7718,0.13236304278912372,51.577081256075886,20.959610443594883,39.844421666253396,43.333333333333336,-1.0
2023-10-31,3572.5056,0.13140735871306783,50.371611197063295,21.06416257485799,40.04317627647686,43.333333333333336,-1.0
2023-11-01,3571.0268,0.13066558709724332,50.305713053979936,21.56667543048557,40.178881414334185,43.333333333333336,-1.0
2023-11-02,3554.1889,0.13033154535939187,49.68593511707546,21.791774477597993,37.51419805162665,40.0,-1.0
2023-11-03,3584.1364,0.13536755839239742,47.956085917043865,22.011648552848982,32.09417037583501,50.0,-1.0
2023-11-06,3632.6084,0.14538842295086685,45.34269604157708,27.220519499661343,30.85936993382391,53.333333333333336,-1.0
2023-11-07,3619.7593,0.14359541582325622,42.37959023451855,27.392471558062496,29.49568707005431,63.33333333333333,-1.0
2023-11-08,3611.0723,0.14319207252008379,39.6885971507188,29.33119487559307,21.357109563624725,63.33333333333333,1.0
2023-11-09,3612.8263,0.13813254005158693,36.35884090169787,29.86630983366101,16.62713791346779,66.66666666666666,1.0
2023-11-10,3586.4893,0.13568662694093642,33.704121567802275,31.074158507382048,12.804601481107895,66.66666666666666,1.0
2023-11-13,3579.4141,0.13152809647273273,30.627648985751204,31.362639101313068,15.267390960392424,60.0,1.0
2023-11-14,3582.0584,0.13072991689894115,27.87386987513421,25.627017595221673,15.63670619348285,60.0,1.0
2023-11-15,3607.2454,0.13064381390105412,26.40331044045669,29.255731457087453,11.49866080438728,70.0,1.0
2023-11-16,3572.3641,0.11038474155979804,24.461850404060463,19.983697933827887,17.384537503981353,63.33333333333333,1.0
2023-11-17,3568.0685,0.10745074347436094,23.254147949702972,17.223081669478184,22.900883876474644,56.666666666666664,-1.0
2023-11-20,3576.3233,0.09903738140743411,21.53716982914355,19.401429892419664,22.331405171813742,53.333333333333336,-1.0
2023-11-21,3581.0674,0.09868257258783764,19.767177890662534,20.152535088961933,22.436817602421712,56.666666666666664,0.0
2023-11-22,3544.4162,0.10578539001048863,18.838710228085837,20.425331439545115,26.807499848220097,43.333333333333336,0.0
2023-11-23,3561.5204,0.10659778969756022,18.829146144931062,20.83237259370355,30.290592844927367,46.666666666666664,0.0
2023-11-24,3538.0087,0.09767500400007159,21.293028375435245,13.407087380637314,31.85623873210001,30.0,-1.0
2023-11-27,3511.9424,0.09771575467170915,24.629865824487364,12.887103692116225,39.09046937876662,26.666666666666668,-1.0
2023-11-28,3518.5232,0.09787463640551038,26.891671490232188,13.305916164181502,37.283927152309545,20.0,-1.0
2023-11-29,3488.3073,0.10173450301161507,28.51920943727993,12.923619398107759,40.10819447831527,16.666666666666664,-1.0
2023-11-30,3496.2028,0.10150800678417321,28.839856427258013,13.28150548345409,36.023850091686285,33.33333333333333,-1.0
2023-12-01,3482.8813,0.09589028304730149,29.91618516555942,13.075929225430926,38.797773335517476,26.666666666666668,-1.0
2023-12-04,3460.138,0.0794701273808686,31.76140466153228,12.991927351416066,39.021506820155764,30.0,-1.0
2023-12-05,3394.2571,0.09901663585769875,33.77386101961316,8.214660036170313,49.93260504291786,13.333333333333334,-1.0
2023-12-06,3399.598,0.10043281248197217,38.30278452236032,8.174898369465883,46.98722147306238,16.666666666666664,-1.0
2023-12-07,3391.2823,0.09962156885067423,42.22138888815466,8.047901107391187,43.892659380536315,13.333333333333334,-1.0
2023-12-08,3399.4618,0.10021240585053781,47.03722032805137,6.636382888393961,45.29643610246576,23.333333333333332,-1.0
2023-12-11,3419.4548,0.1046992741598771,53.53086277102585,0.9242147953101385,48.6913997942518,26.666666666666668,-1.0
2023-12-12,3426.803,0.10535304076808531,59.35199112150885,1.1297399979477005,44.131747774906714,33.33333333333333,-1.0
2023-12-13,3369.605,0.11129271564775407,64.84710688609137,1.0780937320267585,46.12952296618114,30.0,-1.0
2023-12-14,3351.9639,0.10905850110879106,68.77444926104953,1.0386057199996572,47.74965247175031,23.333333333333332,-1.0
2023-12-15,3341.5517,0.10881519957892642,71.97560048087253,1.0316475929095335,42.21447297519907,23.333333333333332,-1.0
2023-12-18,3329.3657,0.10681053574227892,75.42295952882732,1.0010787829919063,45.13066888101368,26.666666666666668,-1.0
2023-12-19,3334.0412,0.10685798458380498,78.57350272335358,1.008526958022311,42.54211023531788,36.666666666666664,-1.0
2023-12-20,3297.5022,0.10748871802580642,82.10925102223082,0.9792885304261728,43.79823684666476,30.0,-1.0
2023-12-21,3330.8698,0.11440028275614832,85.37832853023487,0.9612378296618487,40.405482019612364,40.0,-1.0
2023-12-22,3337.2281,0.11514594739173033,87.61164669202381,4.068184532354933,39.466043038238396,43.333333333333336,-1.0
2023-12-25,3347.4508,0.11571987008537638,87.87324985634349,4.402183271188055,31.399233359877826,36.666666666666664,-1.0
2023-12-26,3324.7902,0.11558259412044218,88.26302391230512,4.446639287065765,32.3287357359338,30.0,-1.0
2023-12-27,3336.3572,0.1155083785115992,88.69090532503883,4.470283529787693,31.294061312878068,33.33333333333333,-1.0
2023-12-28,3414.5403,0.14661257336127395,85.31194098882489,16.076103548853403,28.05078742183533,56.666666666666664,-1.0
2023-12-29,3431.1099,0.14774079734558823,79.30061823605799,19.211287218315658,24.508350539319135,66.66666666666666,-1.0
2024-01-02,3386.3522,0.1528669270652715,73.93321586762349,18.317717581511086,27.399034038410576,50.0,-1.0
2024-01-03,3378.2971,0.13750527880761387,68.25801665675381,19.17242244278476,26.46520284154884,46.666666666666664,-1.0
2024-01-04,3347.0519,0.14097619464779756,62.982213875446924,18.973857736671487,29.603045659417184,43.333333333333336,-1.0
2024-01-05,3329.1114,0.14182053201143005,57.72465736736196,18.65478061089679,28.948005397740317,43.333333333333336,-1.0
2024-01-08,3286.0564,0.147435206902418,52.54492349518757,18.263739909540543,29.263204735859148,33.33333333333333,-1.0
2024-01-09,3292.4994,0.14542060883239522,47.52995947994476,18.319041931349815,30.635513457158993,40.0,-1.0
2024-01-10,3277.129,0.14494672280488904,41.94683697178634,19.578798692815607,27.863257037144912,33.33333333333333,-1.0
2024-01-11,3295.6717,0.13677261682847017,36.12965764292881,19.940233872832003,26.3850502444316,33.33333333333333,-1.0
2024-01-12,3284.1667,0.13620760253734315,31.938272099548943,16.998623425324,26.94307398598156,43.333333333333336,-1.0
2024-01-15,3280.9195,0.1359776793636219,28.537697655374604,16.24698929228873,28.75835183859531,40.0,-1.0
2024-01-16,3300.8762,0.13772696216864547,24.84119854231509,16.013796319373533,26.16457497527751,53.333333333333336,-1.0
2024-01-17,3229.082,0.15690560824470007,21.67648088203751,15.041479737999799,28.365395652420787,36.666666666666664,-1.0
2024-01-18,3274.7286,0.1621481729802661,25.931839980129578,2.5762113382699288,36.19867174134654,53.333333333333336,-1.0
2024-01-19,3269.7763,0.1574260122731514,31.334228765025212,2.320284517947545,35.560132747590615,53.333333333333336,-1.0
2024-01-22,3218.9016,0.16533608666761934,36.2876051950708,2.1826684693946588,38.28049697136503,53.333333333333336,-1.0
2024-01-23,3231.9329,0.16575306601135642,41.46678975601834,2.093534402292159,34.278875318206616,53.333333333333336,-1.0
2024-01-24,3277.1089,0.17352028208261505,44.520216940848535,5.987786371998118,27.86938172175572,70.0,-1.0
2024-01-25,3342.9189,0.1881692092628437,45.231452677390976,13.560559721701967,26.078873795606945,80.0,-1.0
2024-01-26,3333.8213,0.16698300710310052,45.102656105224796,14.747731776201034,22.7499117812663,70.0,-1.0
2024-01-29,3303.9604,0.16760053665698976,44.860837702634264,14.448135991181868,22.491115809443286,56.666666666666664,-1.0
2024-01-30,3245.0387,0.17263583990401435,46.30582265553521,13.20316277506162,29.177188608955113,43.333333333333336,-1.0
2024-01-31,3215.3518,0.1744577501509562,48.47289639919984,13.110448615505321,33.92349993237998,36.666666666666664,-1.0
2024-02-01,3217.7109,0.1728598718763194,50.1157771296642,12.671617120892966,33.942066223016596,50.0,-1.0
2024-02-02,3179.6276,0.17607134060659071,51.927235686907075,11.586364769281747,37.88588714840326,43.333333333333336,-1.0
2024-02-05,3200.4218,0.17393525993285328,53.9994329587759,10.667307908389589,34.800052694183805,60.0,-1.0
2024-02-06,3311.6922,0.21591526724639287,53.69516287002231,17.467303360108794,30.021179779837876,80.0,-1.0
2024-02-07,3343.6303,0.21745014773663396,48.23784184074742,21.17336563813533,26.04090362554769,80.0,-1.0
2024-02-08,3364.9297,0.21766293640850573,42.459078583714025,22.811026093837548,26.164234411632197,86.66666666666667,-1.0
2024-02-19,3403.8078,0.21996656256025782,36.980316279093515,27.65083065806436,21.502310445699447,90.0,-2.0
2024-02-20,3410.8542,0.2197050084373339,31.78960674488329,29.648578895390703,21.549810467970847,83.33333333333334,-2.0
2024-02-21,3456.8713,0.22306383364619195,28.881488801725286,34.19138038672525,20.99361982800811,90.0,-2.0
2024-02-22,3486.6747,0.20474328346822585,27.624653422718094,28.880966993966545,21.794170071363407,90.0,1.0
2024-02-23,3489.7416,0.20135250725459017,27.262813633786248,30.338979541081045,21.846012631226568,93.33333333333333,1.0
2024-02-26,3453.3585,0.20657300476587295,26.60294004392616,30.34519598337766,23.584896189703723,90.0,1.0
2024-02-27,3494.7874,0.19700074968253886,25.699298755076775,30.397982711923305,18.22281163177734,93.33333333333333,1.0
2024-02-28,3450.2598,0.2059742183527637,25.519411285496407,32.51350338100906,13.366527559590669,93.33333333333333,1.0
2024-02-29,3516.0826,0.2102149162262793,25.187943683670486,31.908184888131984,13.3546066826631,96.66666666666667,1.0
2024-03-01,3537.8038,0.20137123066460844,26.78041861181172,38.1182729603517,5.332545820928187,96.66666666666667,1.0
2024-03-04,3540.8686,0.20044032847771773,28.398072044729133,43.0812546132156,5.95154692719283,96.66666666666667,1.0
2024-03-05,3565.5143,0.19565553337263072,31.615840710343726,39.74654511446714,6.609331834633602,100.0,1.0
2024-03-06,3551.0481,0.18092656861484283,35.8397644826042,37.78183702931833,6.813130747625771,100.0,1.0
2024-03-07,3529.7195,0.17808654706935165,39.284923941875796,33.62383315811074,9.739664578725128,86.66666666666667,1.0
2024-03-08,3544.9099,0.17747270496207962,41.478978201571195,28.6473626646926,11.355750659035554,76.66666666666667,1.0
2024-03-11,3589.2635,0.1677766345113182,43.80521679036135,32.14475245566607,11.181178170391243,96.66666666666667,1.0
2024-03-12,3597.4939,0.16831542563310314,44.54370659155408,25.848255599892404,12.65814223378728,83.33333333333334,1.0
2024-03-13,3572.361,0.13543804282593297,45.58928133099609,26.015869823938885,14.437095420035295,63.33333333333333,1.0
2024-03-14,3562.2229,0.1355784861670216,45.41571173002403,22.150666122376975,16.763143976327797,53.333333333333336,1.0
2024-03-15,3569.993,0.1350963566721097,46.03999066018754,22.427058886692546,14.558339005622372,53.333333333333336,1.0
2024-03-18,3603.528,0.1334894856639814,46.70064505379686,28.26248479542362,13.829159212736874,66.66666666666666,1.0
2024-03-19,3577.6303,0.1382030774263504,45.77895679990868,26.64650248003814,14.720719314998968,53.333333333333336,1.0
2024-03-20,3585.3838,0.13187820849799048,45.04902120788618,29.516050483164474,15.625293056442063,53.333333333333336,1.0
2024-03-21,3581.0902,0.12978986634569115,41.4860992515428,27.121824939882217,16.074774301201362,56.666666666666664,1.0
2024-03-22,3545.0023,0.136015428718959,36.08742834997077,24.86596267378203,24.795031986764446,50.0,1.0
2024-03-25,3525.7634,0.131619903642085,31.603042527715683,21.310667230763123,25.373590173895632,50.0,-1.0
2024-03-26,3543.7467,0.12619154951806974,27.660922427926582,20.17534968578954,26.883447146993518,53.333333333333336,-1.0
2024-03-27,3502.7866,0.12457699757453322,24.583500698961153,20.40930790602717,25.97288293037891,50.0,-1.0
2024-03-28,3520.9648,0.10588050345343213,22.406238322152507,19.481378158852802,25.172001439591607,43.333333333333336,-1.0
2024-03-29,3537.4843,0.10487406952403319,21.47103837856804,12.630187605777882,26.4078670486403,43.333333333333336,-1.0
2024-04-01,3595.6466,0.12002693985543336,19.757782584435258,20.250062006453046,24.884859341926475,50.0,0.0
2024-04-02,3580.6759,0.11893845092269967,18.156226526507915,20.497561054045672,23.207736509054865,46.666666666666664,0.0
2024-04-03,3567.8031,0.11872816598655062,17.382104844984145,21.614848669353933,22.955090212641384,36.666666666666664,0.0
2024-04-08,3536.4077,0.12107498113316041,16.396456272764606,21.913709210012005,25.455058320875278,33.33333333333333,0.0
2024-04-09,3533.4871,0.12009053820567625,16.022192372791505,16.10012074483852,29.284641535030882,30.0,0.0
2024-04-10,3504.7086,0.11344023420355769,16.86762449716556,14.485149826364498,34.3399206432659,30.0,0.0
2024-04-11,3504.2447,0.11278383238196148,17.511980804315648,14.085269581122493,32.703960718528755,30.0,0.0
2024-04-12,3475.8389,0.11360131854402675,19.245533338040758,11.44437814767641,34.19041178326448,30.0,0.0
2024-04-15,3549.0759,0.13842047356864837,20.35739762294811,17.31201646270093,23.764734405933023,46.666666666666664,-1.0
2024-04-16,3511.1146,0.1430163703244547,20.857822398293955,17.12332545633534,23.505712491257302,40.0,-1.0
2024-04-17,3565.403,0.15019107754379896,20.1024218369337,19.369657706928315,20.849358480650547,50.0,-1.0
2024-04-18,3569.8018,0.14817151434657336,20.408351911421867,24.80120894781961,17.857230475910068,50.0,1.0
2024-04-19,3541.6619,0.15043752639159863,20.51227126017952,25.67445284581516,19.290010229739554,36.666666666666664,1.0
2024-04-22,3530.9045,0.1506807445308378,18.96669159744358,25.307558146245086,19.226507050766152,36.666666666666664,0.0
2024-04-23,3506.2249,0.14850490114047316,19.8243397113478,15.883953484519186,24.988672069345192,40.0,0.0
2024-04-24,3521.6219,0.1482812361253981,21.07130537691572,15.844681386466803,25.66534952071801,50.0,-1.0
2024-04-25,3530.2813,0.14736558141586548,21.6557173102685,18.67160442571559,23.37626471259831,53.333333333333336,-1.0
2024-04-26,3584.2686,0.1505819235520738,22.141817568380095,24.969155419596838,18.72846629651579,90.0,1.0
2024-04-29,3623.9124,0.15405068604723687,22.64102739123103,31.962078606645317,15.02733654565403,96.66666666666667,1.0
2024-04-30,3604.3943,0.15541692637218082,23.28860943959318,32.79961819617282,11.011697487203064,90.0,1.0
2024-05-06,3657.8767,0.15339239936612425,24.593694951545075,36.95188343549011,9.803748368164714,86.66666666666667,1.0
2024-05-07,3659.0076,0.15225058501314595,25.733287734171284,38.61365477020286,7.965522835279788,86.66666666666667,1.0
2024-05-08,3630.2233,0.15474205436130575,28.197998155711282,35.80578591811397,11.866970537597108,86.66666666666667,1.0
2024-05-09,3664.561,0.15310687927998742,30.881055431728612,39.31024962960058,11.984596735130303,83.33333333333334,1.0
2024-05-10,3666.2771,0.15287839347885757,34.244607429125345,38.989740383954,12.731479465393006,83.33333333333334,1.0
2024-05-13,3664.6907,0.14855440182418775,35.91722550918386,33.399825595067675,14.418474844421883,83.33333333333334,1.0
2024-05-14,3657.0454,0.14913522940373083,38.52002538371344,34.51497537840776,11.310063844557105,76.66666666666667,1.0
2024-05-15,3626.0559,0.1494769494696174,40.2978222243192,34.32904022189348,15.227842265335118,60.0,1.0
2024-05-16,3640.3592,0.13209097728951572,42.63575022230702,34.65789443219793,10.059999783407793,63.33333333333333,1.0
2024-05-17,3677.9696,0.12777377769572168,45.32017404722422,36.988867265035694,8.891507520769782,76.66666666666667,1.0
2024-05-20,3690.9623,0.11820147585907774,48.954909382828134,38.91945457122235,9.106986383029874,80.0,1.0
2024-05-21,3676.1611,0.11996259520372113,51.22250552487414,32.69408528961492,12.083783294698183,66.66666666666666,1.0
2024-05-22,3684.451,0.11473382590446096,50.85569444741084,24.95451488616311,13.171883990113276,76.66666666666667,1.0
2024-05-23,3641.7917,0.12338915142359072,48.033625678283464,23.710451731261685,19.312514838475366,50.0,1.0
2024-05-24,3601.4754,0.1279137731682064,45.584444855171604,16.534427665851574,26.84898664080384,30.0,-1.0
2024-05-27,3635.7079,0.13077089446262471,42.58283248110979,15.89494983542722,25.81058772714725,53.333333333333336,-1.0
2024-05-28,3609.1724,0.13448224705262277,40.09229502258544,15.97109557387308,21.762149183301876,40.0,-1.0
2024-05-29,3613.5223,0.12368198487561682,38.38095473131208,12.459291030797486,22.792693948654552,43.333333333333336,-1.0
2024-05-30,3594.3121,0.11857816278116426,37.52718872229762,11.376250303729588,25.810827933026186,33.33333333333333,-1.0
2024-05-31,3579.9247,0.11790400311154567,37.45665465074772,11.475104842894309,25.968500013548855,26.666666666666668,-1.0
2024-06-03,3588.7483,0.10419727483841267,36.984447047198664,10.958088243707197,28.19692790445625,46.666666666666664,-1.0
2024-06-04,3615.6714,0.10837890387601935,35.749045658218286,15.075723052858198,23.2110335138271,53.333333333333336,-1.0
2024-06-05,3594.7936,0.10675364251346932,33.34367885975168,15.115259318619358,23.31256414073579,43.333333333333336,-1.0
2024-06-06,3592.2454,0.10010675909630555,31.764400039790335,11.27578304048877,25.773301995230565,40.0,-1.0
2024-06-07,3574.1143,0.10096135425338174,32.16412192211394,5.9147950801652,30.67672013837234,33.33333333333333,-1.0
2024-06-11,3542.8771,0.10431662732162864,33.867047831330765,5.670807311646063,31.970007996100502,30.0,-1.0
2024-06-12,3544.1225,0.10454573387429211,37.0974997023397,4.374404593536356,32.27819471459323,33.33333333333333,-1.0
2024-06-13,3526.1306,0.1022298180332887,41.58898476338173,4.543704905981938,29.242370308368937,36.666666666666664,-1.0
2024-06-14,3541.5331,0.10253279748581685,44.90327880735261,4.611191911719633,26.310948517300137,43.333333333333336,-1.0
2024-06-17,3536.1986,0.09278375791674014,48.2175728513235,4.759261753027068,27.155818573934116,40.0,-1.0
2024-06-18,3545.5902,0.09214700214751748,51.40308540623142,7.0006693847238095,27.954201263338813,40.0,-1.0
2024-06-19,3528.749,0.09239906114851625,53.671171184672495,7.143891835588527,29.553713054035562,43.333333333333336,-1.0
2024-06-20,3503.2817,0.09269247737457044,55.39302935545343,7.196248564883856,31.6206937424875,46.666666666666664,-1.0
2024-06-21,3495.6198,0.08626738425013104,57.379375372223244,7.243286616994138,36.02101955298239,43.333333333333336,-1.0
2024-06-24,3476.8102,0.08053474600434994,58.86778392355094,7.214919398173528,33.85463334207831,50.0,-1.0
2024-06-25,3457.9023,0.06956267349531886,63.65506199812531,2.5159118730985126,40.38208644509688,33.33333333333333,-1.0
2024-06-26,3480.2648,0.0739761873532523,68.21463003107748,3.1286684813309367,39.05271792294954,43.333333333333336,-1.0
2024-06-27,3454.1175,0.07572096810456433,71.44846205645341,3.216361744372536,38.03020432361638,43.333333333333336,-1.0
2024-06-28,3461.657,0.07635959952937439,71.42063749157423,6.233481931535718,31.870438683318724,43.333333333333336,-1.0
2024-07-01,3478.1827,0.07939929912900404,70.82451759574936,6.401776222606596,26.87422209759392,46.666666666666664,-1.0
2024-07-02,3471.7857,0.07805862168855016,69.16716865022956,8.195327064500258,26.624743983260522,43.333333333333336,-1.0
2024-07-03,3463.4141,0.07018794144717372,67.68588104204868,8.327913478632826,26.637657217997063,43.333333333333336,-1.0
2024-07-04,3445.8128,0.06975418528751955,66.2629303617222,8.42736854718881,25.454331725206554,46.666666666666664,-1.0
2024-07-05,3431.0605,0.06995821471691246,65.66899480407987,7.878607686544292,33.43593900482233,33.33333333333333,-1.0
2024-07-08,3401.7604,0.07282762659700268,66.5360988507584,5.368390411325592,33.092615969650716,33.33333333333333,-1.0
2024-07-09,3439.8111,0.0835833564731198,65.95875157429761,8.8755815201698,28.879440682296874,53.333333333333336,-1.0
2024-07-10,3428.9657,0.08350056660044669,64.77472508000818,9.046530783331344,24.675053493179753,53.333333333333336,-1.0
2024-07-11,3468.169,0.09434193150318157,61.1792117954153,13.792834692044071,19.117347674666718,53.333333333333336,-1.0
2024-07-12,3472.4014,0.09269706947170975,57.37497455763429,15.117062931922288,19.086585637383447,53.333333333333336,-1.0
2024-07-15,3476.2467,0.09296005578576384,51.65790344676852,16.25753460766202,13.78468049164963,60.0,1.0
2024-07-16,3498.2827,0.09567594245815422,46.747689985197496,19.562344750118317,14.043390550982568,63.33333333333333,1.0
2024-07-17,3501.5836,0.0945714484835639,42.36648981075674,22.438959766100115,14.027166065295656,73.33333333333333,1.0
2024-07-18,3520.931,0.09314001419584836,38.25769573265832,19.430453594332555,15.975356448627592,73.33333333333333,1.0
2024-07-19,3539.0156,0.09420175971189551,35.294448658349424,23.225872945746858,15.47175730110491,76.66666666666667,1.0
2024-07-22,3514.9249,0.09553617639021826,32.69308355822761,20.684832636688814,14.823032063634214,66.66666666666666,1.0
2024-07-23,3439.8779,0.12186300335493769,29.359192516512163,18.869758307883373,21.146944889192653,56.666666666666664,-1.0
2024-07-24,3418.1663,0.12098320775177719,26.740245076574023,18.721757154006333,24.61007362515447,50.0,-1.0
2024-07-25,3399.2716,0.11973667306062707,22.74974113496298,19.27759990430626,21.735653148767888,50.0,-1.0
2024-07-26,3409.2931,0.12001774052369836,17.76290753092946,20.250168386280958,21.190164942195697,50.0,0.0
2024-07-29,3390.742,0.11927461163119006,14.849418005521825,17.960683397030763,22.949450543600904,46.666666666666664,0.0
2024-07-30,3369.3821,0.12061244534663804,13.309768271866728,17.492413661833556,29.024184629502127,43.333333333333336,0.0
2024-07-31,3442.0844,0.14559553714328358,12.758171032074486,22.968755235077314,27.212351319460883,50.0,0.0
2024-08-01,3419.2666,0.1463752991883442,12.581247867722013,22.371685389792006,26.86645236979154,43.333333333333336,0.0
2024-08-02,3384.3919,0.14994931610892048,13.470170932078592,21.321903446201436,32.43724575388611,33.33333333333333,0.0
2024-08-05,3343.3205,0.15297392731704848,14.87246867030091,17.33011514680686,36.87292638501358,23.333333333333332,0.0
2024-08-06,3342.9789,0.1463253133421455,16.511159092088597,14.399409192921766,38.94070893822706,23.333333333333332,0.0
2024-08-07,3341.489,0.1462073282971677,18.98207772298332,14.726065770958641,38.199151506221895,20.0,0.0
2024-08-08,3342.9369,0.13856461227854738,21.536467401923506,11.38444547644706,40.127900038036316,26.666666666666668,-1.0
2024-08-09,3331.6274,0.13819632895214815,24.279519411121857,11.887188159677915,40.840692099255236,23.333333333333332,-1.0
2024-08-12,3325.8645,0.13770782209107904,27.321187298838275,13.07338024654176,37.475145581520486,20.0,-1.0
2024-08-13,3334.3903,0.13524261270681248,29.496681255869614,13.50431970728447,34.76487878026497,33.33333333333333,-1.0
2024-08-14,3309.2389,0.13584531513257428,31.827421394722055,13.730244727887895,31.010932109156307,23.333333333333332,-1.0
2024-08-15,3341.953,0.14019574481049646,33.705006499458634,16.42821126827376,29.559884116228112,33.33333333333333,-1.0
2024-08-16,3345.634,0.1379687404286332,34.86857845838246,16.429194834266184,29.516609344669657,43.333333333333336,-1.0
2024-08-19,3356.9677,0.138755613504905,33.66671087201039,19.971283182445767,23.42780917049221,56.666666666666664,-1.0
2024-08-20,3332.7034,0.12088957802314046,36.794664525353696,9.233897205446077,29.440421329822218,56.666666666666664,-1.0
2024-08-21,3321.635,0.11978960039326207,40.26329388182931,8.560495207248971,31.90455762567411,56.666666666666664,-1.0
2024-08-22,3313.1357,0.11889441005763497,42.303113958195965,8.82629828981515,25.945953251890018,60.0,-1.0
2024-08-23,3327.1905,0.11958798755559036,41.71098756426106,11.275642810925865,19.94371434028527,70.0,-1.0
2024-08-26,3324.2231,0.11852922799037283,39.35929117868044,12.187196745961968,15.856854708764235,56.666666666666664,-1.0
2024-08-27,3305.3338,0.1181804861585838,37.67403132884768,12.404851108731519,18.903841496932483,50.0,-1.0
2024-08-28,3286.4956,0.08398768519723039,35.76192396202743,12.793001484176914,23.25867977578772,43.333333333333336,-1.0
2024-08-29,3277.6812,0.08244171191089178,34.19061691717989,12.763587805500068,25.287200604919626,36.666666666666664,-1.0
2024-08-30,3321.4323,0.09340067667347708,31.49641555216207,24.151190608168854,19.53957700461817,56.666666666666664,1.0
2024-09-02,3265.011,0.10229050185735526,29.13555634413289,22.609858960495686,18.13090849492888,40.0,1.0
2024-09-03,3273.4282,0.10309894042475351,27.066542297900163,22.833319304402536,18.811481115170583,36.666666666666664,1.0
2024-09-04,3252.1649,0.1048652348724923,25.59334723099062,19.366736780810704,22.702752060057072,33.33333333333333,-1.0
2024-09-05,3257.7578,0.10525135465228973,24.225146981289157,19.402178583682346,23.395009502575075,36.666666666666664,-1.0
2024-09-06,3231.3457,0.10781482670353199,25.63570564585843,14.861713871275683,26.256542073518773,27.586206896551722,-1.0
2024-09-09,3192.9516,0.1139436638147297,24.539471275065633,14.559709970233007,31.58880239005398,31.03448275862069,-1.0
2024-09-10,3195.7552,0.11320054030031472,22.96051381501437,14.50355570331232,30.527379883510463,24.137931034482758,-1.0
2024-09-11,3186.1299,0.11143814194386455,21.92637129886952,14.477904294125645,29.90267241483217,24.137931034482758,-1.0
2024-09-12,3172.4747,0.10261405087359281,22.624754203098256,13.604839515632033,29.960212035911226,20.689655172413794,-1.0
2024-09-13,3159.247,0.10180926439914098,24.638649179581602,13.413799608871246,32.27342313968995,34.48275862068966,-1.0
2024-09-18,3171.0102,0.1020884091981225,26.131772594173754,13.157415210575344,31.949735599009337,37.93103448275862,-1.0
2024-09-19,3196.0357,0.10740990475563338,25.105284664847755,18.75813727602422,25.202206157526895,41.37931034482759,-1.0
2024-09-20,3201.0497,0.10805480863242531,23.665524448101994,18.29002939318568,23.638539752302083,37.93103448275862,-1.0
2024-09-23,3212.7639,0.10973620704286423,25.476825017513104,12.177523765231399,25.825772907454603,41.37931034482759,-1.0
2024-09-24,3351.909,0.19297405342808713,26.187680403889907,31.514768124500737,20.599120354405194,79.3103448275862,1.0
2024-09-25,3401.533,0.19947230861744772,28.62810611111753,44.0546395698951,17.207474117161276,82.75862068965517,1.0
2024-09-26,3545.3204,0.2449051695045754,32.099635670108995,46.859715284113776,13.01297336327924,96.55172413793103,-2.0
2024-09-27,3703.6849,0.28194022017240217,36.31167660316255,57.01479810617606,10.739685150865865,100.0,-2.0
2024-09-30,4017.8545,0.3943333352304404,40.19712713640122,70.29403443555294,6.90607433095127,100.0,-2.0
2024-10-08,4256.0962,0.4307577047099202,44.32181353946981,79.13634399256479,2.1766508935922775,100.0,-2.0
2024-10-09,3955.9839,0.5137741988447667,47.18015060834604,67.45273708731226,9.372373635159416,96.55172413793103,-2.0
2024-10-10,3997.7879,0.5129973864892245,49.84699248820941,62.13649316861619,10.076844333887681,100.0,-2.0
2024-10-11,3887.167,0.5276195056333741,51.78861135611611,58.497532667305244,12.526907460884434,100.0,-2.0
2024-10-14,3961.3424,0.5278331601266251,53.56201295744211,56.458787170453306,11.519831135471296,100.0,-2.0
2024-10-15,3855.9949,0.5403357438850849,55.313340224049846,54.58303084091833,11.108388744646186,100.0,-2.0
2024-10-16,3831.589,0.5377858051427108,58.551993894741564,52.93830929399014,13.234587964926703,96.66666666666667,-2.0
2024-10-17,3788.2217,0.5421637683116723,61.800500065850166,51.62939792100715,13.627075419606793,93.33333333333333,-2.0
2024-10-18,3925.234,0.5483676321128459,63.56319783047775,51.255235921221555,12.577985851167856,96.66666666666667,-2.0
2024-10-21,3935.1974,0.5463681385643342,66.17295184362656,47.61147311176905,12.854331003126237,96.66666666666667,-2.0
2024-10-22,3957.7755,0.543751858621326,66.90759485344822,44.29698218113346,13.191084860433211,96.66666666666667,-2.0
2024-10-23,3973.2089,0.5437171630015049,66.6557830715738,44.38515212636706,13.63244663691373,96.66666666666667,-2.0
2024-10-24,3928.8334,0.5497536687866578,64.91124884938377,39.307360367125746,15.33372163738608,93.33333333333333,-2.0
2024-10-25,3956.421,0.5488608308459758,60.9516773929631,29.919296207235508,17.318724093724644,83.33333333333334,-2.0
2024-10-28,3964.1569,0.549205121268453,56.23644136994221,12.006966079444002,21.641514100060295,73.33333333333333,-2.0
2024-10-29,3924.649,0.5402856954625879,51.16072627104287,16.008112366658338,14.617482725876027,53.333333333333336,-2.0
2024-10-30,3889.4487,0.5431678066420438,46.13446010799942,17.55082527671821,18.166496555937883,40.0,-2.0
2024-10-31,3891.0396,0.5274945415839184,42.45158539951337,18.806212551862963,14.430636719013211,33.33333333333333,-2.0
2024-11-01,3890.0203,0.5065816765612295,38.79212363213542,20.453619694548205,15.156592780732641,26.666666666666668,-2.0
2024-11-04,3944.7619,0.40743852298082395,35.55890978373829,22.592626529079617,14.776778663724723,36.666666666666664,-2.0
2024-11-05,4044.5725,0.3557452596744301,34.9901092540717,30.609233488895704,9.656334007886429,56.666666666666664,-2.0
2024-11-06,4024.2831,0.24919160658764072,35.254200719053124,34.73295426674806,8.165081142668102,46.666666666666664,-2.0
2024-11-07,4145.6952,0.2681922139477215,34.953266142648445,31.250801752364772,8.717478868005522,53.333333333333336,-2.0
2024-11-08,4104.047,0.24898099154096034,35.231653770028295,35.63064940694521,8.526875818550252,56.666666666666664,-2.0
2024-11-11,4131.1312,0.24202241316882273,34.735761319018,34.48016308945826,12.378724674868428,50.0,-2.0
2024-11-12,4085.743,0.22297795567782974,34.33960615309727,33.31608612210446,11.870629097607017,46.666666666666664,-2.0
2024-11-13,4110.8901,0.22044633900775076,35.09436650110125,33.248656220025694,9.808007454897094,53.333333333333336,-2.0
2024-11-14,4039.6191,0.22679765608341906,36.29507100402946,29.94462229128199,11.79455029382012,43.333333333333336,-2.0
2024-11-15,3968.8308,0.20240544058425716,36.22024878662018,29.12309611629695,16.52960437526798,26.666666666666668,1.0
2024-11-18,3950.3806,0.203112872265994,37.00965039386075,26.170409457285054,19.110105891677133,30.0,1.0
2024-11-19,3976.8912,0.20348945785566838,38.348423217726214,25.743952763435818,16.99646308191307,33.33333333333333,1.0
2024-11-20,3985.7727,0.2031862796053231,39.17326153000352,27.96145484282994,16.879983184944642,33.33333333333333,1.0
2024-11-21,3989.2979,0.19866821459965212,39.78464167186788,27.651653458379666,17.152171120508765,43.333333333333336,1.0
2024-11-22,3865.6989,0.2267896916963527,38.478215925979676,25.269746733328162,23.976952930523055,10.0,-2.0
2024-11-25,3848.0909,0.22681813213588273,36.441055665021004,18.009489581544297,29.084315081471964,6.666666666666667,-2.0
2024-11-26,3840.1847,0.2245769974477886,34.42660790084529,14.978326652631688,30.225849826198743,16.666666666666664,-2.0
2024-11-27,3907.0447,0.23156258378335126,33.221088926127536,13.945117145391844,32.15501397827797,20.0,-2.0
2024-11-28,3872.5505,0.23382961045971326,32.797495841580236,9.771083521260719,34.09405546785973,16.666666666666664,-2.0
2024-11-29,3916.5832,0.23736495167939545,31.815293448206006,14.74387881461761,29.542083675311293,20.0,-2.0
2024-12-02,3947.632,0.23365973831325734,31.90960097638327,10.856224050291011,31.534305661648204,30.0,-2.0
2024-12-03,3951.8912,0.21405988208128734,31.27946415126514,11.973775653294494,32.06322784219128,36.666666666666664,-1.0
2024-12-04,3930.5568,0.21415753613054533,31.249096323343444,12.527008367190051,31.473224313760724,36.666666666666664,-1.0
2024-12-05,3921.5881,0.17950625783382462,31.6881312072932,13.287078421989468,26.813909020269662,36.666666666666664,-1.0
2024-12-06,3973.1405,0.18571131515402925,31.026757480558256,20.57162873245062,23.353463495442668,56.666666666666664,-1.0
2024-12-09,3966.5708,0.18319917302034716,29.79117396725569,21.49979657994968,20.17924475594988,53.333333333333336,1.0
2024-12-10,3995.6369,0.18277344103001905,29.56993164806242,28.25827214981012,18.213348871820727,70.0,1.0
2024-12-11,3988.8308,0.18078205327001814,29.208811811256137,28.43025877194294,19.602481729670128,70.0,1.0
2024-12-12,4028.5048,0.17481135117201635,33.100006912642904,34.122941513057285,9.31758742484298,80.0,1.0
2024-12-13,3933.1808,0.1840500537637642,35.61694062799342,33.34860871989967,8.664435047069368,50.0,1.0
2024-12-16,3911.8416,0.18430906058533955,36.52672270462398,33.5383906173426,12.258033209692867,46.666666666666664,1.0
2024-12-17,3922.0334,0.18277040752451978,36.87356819655192,33.43269592113568,12.88690334311737,56.666666666666664,1.0
2024-12-18,3941.89,0.1836324352762015,36.07026198601027,33.64979164242817,13.02019023027553,56.666666666666664,1.0
2024-12-19,3945.4635,0.18363464469669805,35.22898011161284,28.20383628047623,18.169877931514016,63.33333333333333,1.0
2024-12-20,3927.7441,0.14537959676373202,33.35733802997594,29.44680202087203,18.599422077728324,56.666666666666664,1.0
2024-12-23,3933.5718,0.1439829543614583,31.68647752698118,29.34923424310256,18.674737840778747,66.66666666666666,1.0
2024-12-24,3983.6882,0.14911784379520496,30.61849767543317,31.511977548427737,17.68411804042361,76.66666666666667,1.0
2024-12-25,3985.6291,0.13737537766795913,30.691303412435662,33.878713964872475,16.40464587566359,73.33333333333333,1.0
2024-12-26,3987.4801,0.13239860034849302,31.776209541470404,27.93289045062013,18.038920361922926,66.66666666666666,1.0
2024-12-27,3981.0307,0.12748749192403297,33.33408707760143,30.514444929083623,18.31699998542786,63.33333333333333,1.0
2024-12-30,3999.0549,0.12553941170106794,32.2811300242992,18.675109945655763,21.431982676865367,76.66666666666667,-1.0
2024-12-31,3934.9109,0.13881695349138132,32.196030421218985,17.475661681455694,24.729593601547652,46.666666666666664,-1.0
2025-01-02,3820.3952,0.1721391476375388,32.05114355789981,11.774917970786351,40.64361330593917,33.33333333333333,-1.0
2025-01-03,3775.1648,0.17611221368996058,31.603541897051986,12.25069193061225,39.317242191949994,30.0,-1.0
2025-01-06,3768.9697,0.16700826103590244,31.98141910832811,12.102029401592752,38.06969630624793,23.333333333333332,-1.0
2025-01-07,3796.1055,0.17057906039934548,32.771411744271596,10.909773275589316,38.031063271899335,40.0,-1.0
2025-01-08,3789.2153,0.16689713784687066,33.733261737574296,10.231397095024192,38.10863175001397,33.33333333333333,-1.0
2025-01-09,3779.8773,0.16686503529376273,35.996416772386155,10.623039724605245,34.892574176274564,33.33333333333333,-1.0
2025-01-10,3732.4806,0.16343516896697,38.6515421046708,9.784485496390163,38.83253134633556,30.0,-1.0
2025-01-13,3722.513,0.1455329558039487,41.75601033164894,8.874686989686248,42.857659442903625,23.333333333333332,-1.0
2025-01-14,3820.5395,0.17776259159587954,42.65235416785223,16.831281148053563,39.89360667656691,30.0,-1.0
2025-01-15,3796.026,0.17813877828718952,43.582265478670294,14.241068775490277,40.29102339790955,26.666666666666668,-1.0
2025-01-16,3800.3836,0.17674154950800822,44.81942471835496,16.675639811153175,37.857383177144754,23.333333333333332,-1.0
2025-01-17,3812.3429,0.1773688599491483,46.16148291293369,14.542042878337941,37.17907442253896,26.666666666666668,-1.0
2025-01-20,3829.6764,0.17835087350766046,48.20207938310612,17.368861399659497,36.43979482534782,36.666666666666664,-1.0
2025-01-21,3832.6145,0.17822578334457514,49.109781817130944,18.11325042201093,33.56145970096133,46.666666666666664,-1.0
2025-01-22,3797.0166,0.17236525027311034,45.70076711162661,20.286489637446962,23.503876152709548,36.666666666666664,-1.0
2025-01-23,3803.7439,0.17270473039517376,42.90792331697373,25.750651359636507,19.67002273185125,40.0,1.0
2025-01-24,3832.8637,0.17607193018140563,40.57700407946573,25.464265222254813,17.288018250984607,56.666666666666664,1.0
2025-01-27,3817.0802,0.17623917567095163,37.90515856155747,25.343877539517973,17.607972339046274,43.333333333333336,1.0
2025-02-05,3795.0848,0.17493205924166463,34.71389782113041,26.051822200791243,20.061107885460764,26.666666666666668,1.0
2025-02-06,3842.8314,0.1751738972207183,31.83318780811456,25.051761863343774,19.291015176901798,48.275862068965516,1.0
2025-02-07,3892.7028,0.1475406303432433,30.557362026476476,33.82055282551475,13.851911354941986,62.06896551724138,1.0
2025-02-10,3901.0618,0.13956183355926852,29.698975844102442,34.09476273074846,10.278491477111425,63.33333333333333,1.0
2025-02-11,3883.1352,0.14088143654411656,29.242436864146498,25.019627600576005,12.24942312641929,60.0,1.0
2025-02-12,3919.8617,0.14230753717343375,28.544177741166912,26.387289522625135,11.856731790692256,70.0,1.0
2025-02-13,3905.1398,0.1430975722346036,28.35668070484661,26.521383356131388,12.418493148284615,70.0,1.0
2025-02-14,3939.0085,0.14441244150806207,27.668023488789455,26.923112840120766,13.222803856623905,66.66666666666666,1.0
2025-02-17,3947.3983,0.1336738327729943,27.33359423140348,25.42861451207076,13.464917557093084,83.33333333333334,1.0
2025-02-18,3912.7829,0.1386659007815591,26.882411005567086,24.33522075429225,15.048996962734343,60.0,1.0
2025-02-19,3940.1602,0.1083087384800376,29.298444668982093,24.689803428100358,10.288595441412552,73.33333333333333,1.0
2025-02-20,3928.8959,0.10553252350138947,30.42901058528999,20.03660815313941,10.976144974165246,63.33333333333333,1.0
2025-02-21,3978.444,0.11230318259894799,32.37119688555814,26.383835878860463,9.680518254869638,83.33333333333334,1.0
2025-02-24,3969.7169,0.11337385049996096,34.56014430336545,27.519568005101082,9.504951530007594,76.66666666666667,1.0
2025-02-25,3925.6505,0.12207291083046631,37.0349276612567,27.753085562324674,9.842949241658763,53.333333333333336,1.0
2025-02-26,3959.9413,0.12488483022748288,39.58372714689948,29.434381268590737,10.161330539237664,63.33333333333333,1.0
2025-02-27,3968.1159,0.11799038955618833,38.835934263930994,20.982830865258727,10.95011789638091,73.33333333333333,1.0
2025-02-28,3890.0487,0.1413455878588693,35.3439464536322,19.058496339230423,17.317972288149043,53.333333333333336,1.0
2025-03-03,3888.4738,0.13931401572804555,32.992290972482785,18.33564516333214,17.850130722382083,50.0,1.0
2025-03-04,3885.2208,0.1382740975289281,31.142503691446915,16.45309476631505,20.98169467891802,40.0,-1.0
2025-03-05,3902.5706,0.13647164790123184,29.502670330185797,16.18976227143036,21.139392924340633,43.333333333333336,-1.0
2025-03-06,3956.2369,0.13779651700939358,27.8102110330544,24.47077101468229,19.847549242384734,53.333333333333336,1.0
2025-03-07,3944.0143,0.13170032179212107,26.10188323639218,22.83853443079458,19.912831701869585,46.666666666666664,1.0
2025-03-10,3928.8018,0.13253968832332183,24.642623692011004,23.536759722792365,22.099709720218282,43.333333333333336,1.0
2025-03-11,3941.4157,0.13153995936265836,21.85316015466155,23.086739020426293,24.086446938845405,43.333333333333336,-1.0
2025-03-12,3927.2315,0.1282359029639828,19.893396805151273,24.66955333417083,23.80734574048152,33.33333333333333,0.0
2025-03-13,3911.5793,0.12833071314889563,17.969687408624274,18.87011679525751,27.944340488538888,33.33333333333333,0.0
2025-03-14,4006.5567,0.15192817368080075,14.51768894902442,25.895148660900812,25.725867650444357,60.0,0.0
2025-03-17,3996.7876,0.15230014621436186,12.011697628979714,27.947532084513753,21.71291757947003,56.666666666666664,0.0
2025-03-18,4007.7229,0.14826942356477663,9.339670095661322,27.80176552131473,22.171657078001616,63.33333333333333,0.0
2025-03-19,4010.168,0.14670581695600252,7.79996854385954,27.21507917338335,22.328930899993864,70.0,0.0
2025-03-20,3974.9918,0.15018671224259017,8.882086138576593,29.156296444951955,19.464110529028524,60.0,0.0
2025-03-21,3914.6956,0.15312668169065216,8.957073053903517,28.19733995825533,26.880137770261257,43.333333333333336,0.0
2025-03-24,3934.8486,0.15442913601309452,8.63283826772816,28.36267854310562,24.376632938021938,56.666666666666664,0.0
2025-03-25,3932.2951,0.14918777244518794,8.06731201388418,27.325288970110336,24.55387516898187,56.666666666666664,0.0
2025-03-26,3919.3566,0.14605825913343862,8.507833306254614,19.216523021229126,26.86579662818016,53.333333333333336,0.0
2025-03-27,3932.4117,0.1464190592484514,9.557921035958865,18.247774063554825,28.26989317407923,53.333333333333336,0.0
2025-03-28,3915.1662,0.1287322251409311,10.210910897002503,18.776572293179143,24.03892442176458,53.333333333333336,0.0
2025-03-31,3887.3056,0.13143208545795929,11.38008092414421,18.648793955805797,27.108161160852205,50.0,0.0
2025-04-01,3887.6841,0.13139341142552438,12.969474819317766,16.866498586130994,27.536615416578332,36.666666666666664,0.0
2025-04-02,3884.3858,0.13038246698245118,12.878442483789183,17.41743822451972,25.120624700273776,40.0,0.0
2025-04-03,3861.5034,0.1207923419180449,18.27797533756335,4.766950928411451,34.827950938864575,26.666666666666668,0.0
2025-04-07,3589.4406,0.2741836548267454,24.070191904863172,2.01234477659864,61.32389419407117,6.666666666666667,-2.0
2025-04-08,3650.759,0.28475893511347244,29.954428557685162,1.9061229181059662,58.08690514177146,20.0,-2.0
2025-04-09,3686.7943,0.28780716412726637,35.24473541240983,4.730426233872325,54.12963885133831,16.666666666666664,-2.0
2025-04-10,3735.1151,0.29353039304730416,38.259393406220276,11.806215474266054,50.56089566974573,20.0,-2.0
2025-04-11,3750.5167,0.2943364888357712,42.06804310103481,12.778801594551028,44.929770578983856,30.0,-2.0
2025-04-14,3759.1422,0.2782768116603639,45.22180384686849,14.375708060207765,45.164182030402465,33.33333333333333,-2.0
2025-04-15,3761.2348,0.2785642558781191,48.79024945056666,13.47291244106455,46.80897156649205,36.666666666666664,-2.0
2025-04-16,3772.8204,0.27865897896564945,51.61893644320667,13.07547352280858,46.6309325195524,40.0,-2.0
2025-04-17,3772.2221,0.2785452296754597,53.94318612632874,13.768667851432195,46.20495382998891,43.333333333333336,-2.0
2025-04-18,3772.523,0.27784242741392723,56.87191957056127,14.066473969146143,46.16639906654127,50.0,-2.0
2025-04-21,3784.8806,0.27434393456844475,58.97810268163001,15.401688498410918,43.80616813095897,46.666666666666664,-2.0
2025-04-22,3783.9522,0.2732667103343526,60.51465790266777,16.42181782019158,43.88808103159719,46.666666666666664,-2.0
2025-04-23,3786.8824,0.2733933688351419,62.273671395625236,17.299622546711714,43.12003119239609,56.666666666666664,-2.0
2025-04-24,3784.3574,0.27335409515118314,59.68201146208661,17.469435652632125,40.412938817134076,63.33333333333333,-2.0
2025-04-25,3786.9937,0.2728828075026136,57.3907111963644,27.278361773992927,6.488816695028857,66.66666666666666,-2.0
2025-04-28,3781.6188,0.27270392063648696,54.64913184875099,29.714117805914853,8.56163338138272,70.0,-2.0
2025-04-29,3775.0767,0.2719248329079718,51.630909942983784,27.142502365027394,11.1750368200574,73.33333333333333,-2.0
2025-04-30,3770.5705,0.27187428580483436,47.53216934589567,13.839484755420479,12.582525636498202,66.66666666666666,-2.0
2025-05-06,3808.5424,0.274904922500082,44.75061598674797,18.356981386924513,13.084041185475392,76.66666666666667,-2.0
2025-05-07,3831.627,0.2752642332379971,43.737667991284304,26.789998539376764,12.168943487380092,90.0,-2.0
2025-05-08,3852.8963,0.08362765420513893,43.64386289973955,26.131880488570957,7.808486713617806,90.0,1.0
2025-05-09,3846.1566,0.06860907241266881,44.83077258870346,28.49513275072117,4.48200449406748,86.66666666666667,1.0
2025-05-12,3890.6096,0.07118706440927042,46.55621625070553,35.39963574835513,4.321575328532528,90.0,1.0
2025-05-13,3896.2583,0.05969049366237886,48.51963906600887,40.9100970233534,4.349203145461367,90.0,1.0
2025-05-14,3943.2108,0.06910760550141538,51.087778133276174,45.1181299031573,3.942481265059377,90.0,1.0
2025-05-15,3907.1992,0.08055176611463152,53.78147004850014,41.58454951735655,3.8001594360644027,83.33333333333334,1.0
2025-05-16,3889.0854,0.08378329736484304,54.972068080286974,39.34270516717323,10.019709346504651,70.0,1.0
2025-05-19,3877.1453,0.08525717383139002,56.2424255232145,40.140111420968,10.85633988878305,66.66666666666666,1.0
2025-05-20,3898.1705,0.08621918767963622,56.24253184127288,44.36558514707304,10.552919222862696,76.66666666666667,1.0
2025-05-21,3916.3807,0.08664431533082566,57.19880753049012,46.821635000716675,8.70315973084451,80.0,1.0
2025-05-22,3913.8651,0.0869271953684281,59.3386382458883,46.57293049148738,7.698684323880839,73.33333333333333,1.0
2025-05-23,3882.2741,0.09343502910884112,63.215896947447725,43.46203600465369,11.193832142286803,56.666666666666664,1.0
2025-05-26,3860.1067,0.09669676928439404,64.76914017376397,39.61455450707823,17.58384752711187,55.172413793103445,1.0
2025-05-27,3839.3969,0.09916193982816031,63.378343766542514,30.65853489074135,21.27944697428311,44.827586206896555,1.0
2025-05-28,3836.2366,0.09931751711527116,60.699840954508375,32.197588755976255,23.082943727258197,44.827586206896555,1.0
2025-05-29,3858.6998,0.10064112662964678,57.10751544761469,34.91491057598686,22.07741863914454,37.93103448275862,1.0
2025-05-30,3840.2323,0.10232260695722648,52.202571189902486,28.175235874059233,23.25292059790113,41.37931034482759,1.0
2025-06-03,3852.0127,0.10229762276537113,46.530155491628754,23.617504906313904,22.980448920904472,41.37931034482759,1.0
2025-06-04,3868.7429,0.09753738148658257,41.63776604129576,18.632048124597162,25.433404295779095,44.827586206896555,-1.0
2025-06-05,3877.5557,0.09573985977862344,36.48941250198511,21.125219246695533,26.4415794200437,41.37931034482759,-1.0
2025-06-06,3873.9841,0.09405416984773857,32.835417065953834,23.33960573788375,19.783043042078198,51.724137931034484,1.0
2025-06-09,3885.2459,0.09416761820427308,29.898738251600065,24.621710432365365,17.7164962241205,62.06896551724138,1.0
2025-06-10,3865.4652,0.08652460134307924,26.344038256039234,17.638369364607957,22.359295033475078,40.0,-1.0
2025-06-11,3894.6252,0.09076791888428885,22.430664140331345,16.298934134832102,21.54572955544954,56.666666666666664,-1.0
2025-06-12,3892.1992,0.07880075474048959,18.315438959232445,15.939194032309482,21.13555571236971,56.666666666666664,0.0
2025-06-13,3864.1822,0.07629484129019597,14.935478372942791,16.34327788728023,20.682480610632446,50.0,0.0
2025-06-16,3873.7951,0.07541065777455126,12.99911454480611,16.85087425340461,13.400085445133866,60.0,0.0
2025-06-17,3870.3786,0.07469739744176207,13.727592736289763,18.33439289862363,10.255705962140645,60.0,0.0
2025-06-18,3874.9708,0.07202641835071714,14.200029107823905,17.854918896841745,11.153392037667498,60.0,0.0
2025-06-19,3843.0912,0.07474617705031926,13.289652606652753,12.995475247066206,15.812834599917247,50.0,0.0
2025-06-20,3846.6443,0.0750335221721491,13.18468195244573,13.40340487725128,15.766663679241127,53.333333333333336,0.0
2025-06-23,3857.9016,0.07105498628055087,14.610629583756475,11.958104059690623,18.44272174601674,63.33333333333333,0.0
2025-06-24,3904.0342,0.08030570713645138,13.820818733456537,18.676355758626826,17.109879226008363,70.0,0.0
2025-06-25,3960.0662,0.09076967222498465,14.741129469435705,25.7161764564099,15.741143219701215,80.0,0.0
2025-06-26,3946.0195,0.09222313976168428,15.73654680352607,24.758827114601154,15.76849211310318,80.0,0.0
2025-06-27,3921.7578,0.09439705454620746,14.946512804540797,22.38481550307346,20.151983987297342,70.0,0.0
2025-06-30,3936.0791,0.09247398777577022,15.028002367459079,23.206405387365898,17.88729542349257,73.33333333333333,0.0
2025-07-01,3942.762,0.09224432691839868,14.699769303625784,22.665208197219513,18.820037506525498,70.0,0.0
2025-07-02,3943.6849,0.09152637907198374,14.561381434825009,24.284227552892133,19.0501015442512,70.0,0.0
2025-07-03,3968.0676,0.09329576666742191,15.834259687891242,29.127968349921513,15.843520265986019,66.66666666666666,0.0
2025-07-04,3982.2034,0.09331987128333892,17.99940382708972,35.824726987303286,14.732602345269896,76.66666666666667,0.0
2025-07-07,3965.1746,0.09523980479865697,18.813481506104335,34.554664721849534,14.931433837547228,66.66666666666666,0.0
2025-07-08,3998.4527,0.0957600946843391,20.58803504464353,38.31355984214579,13.480474087103445,76.66666666666667,1.0
2025-07-09,3991.4006,0.0939212337947277,24.339729341221354,42.08304736733384,9.774213016834095,70.0,1.0
2025-07-10,4010.0243,0.09440153878343212,28.372173039254896,43.197068190910755,9.304332825470942,73.33333333333333,1.0
2025-07-11,4014.807,0.08866071722057477,32.25660287921011,48.131111289532335,6.652849865346193,76.66666666666667,1.0
2025-07-14,4017.6678,0.08873611499602702,37.022850539812275,42.260628466176,7.136738110383521,76.66666666666667,1.0
2025-07-15,4019.0644,0.08834237314234204,38.62428830241131,33.258631896543356,12.151502522695813,73.33333333333333,1.0
2025-07-16,4007.2019,0.08999217030223228,40.31826186229258,31.988907288151307,11.861841527994416,73.33333333333333,1.0
2025-07-17,4034.491,0.0836072890733265,44.77278821595246,34.84138558830396,6.732335013669238,76.66666666666667,1.0
2025-07-18,4058.5486,0.08430104044604839,49.346638699823195,41.01214802246284,5.335084640359693,83.33333333333334,1.0
2025-07-21,4085.6072,0.08547291792497055,54.29092552830729,43.71604154383428,5.268595978378806,73.33333333333333,1.0
2025-07-22,4118.9582,0.08107876914094687,59.19230006796978,46.59189607937393,4.976985376424892,70.0,1.0
2025-07-23,4119.7685,0.06871280624376219,62.92960661647892,48.592563824778104,4.84637660492331,76.66666666666667,1.0
2025-07-24,4149.0368,0.06772854178189837,65.46167260061881,41.766575599965876,5.38250453788509,76.66666666666667,1.0
2025-07-25,4127.1634,0.06629699915682451,68.23677126960088,41.1987908447474,4.9609207536679545,76.66666666666667,1.0
2025-07-28,4135.8242,0.0661881801226511,69.98646826201136,37.1453150944275,5.936302198910598,70.0,1.0
2025-07-29,4152.0247,0.06630619765020808,70.64407069275059,35.295636793898815,5.863096515320532,63.33333333333333,1.0
2025-07-30,4151.2379,0.06652312206298654,71.27884713390586,37.13903777100731,5.686667206779812,73.33333333333333,1.0
2025-07-31,4075.5912,0.09795589493318328,67.85396982887852,29.29172014182196,16.5610852263961,46.666666666666664,1.0
2025-08-01,4054.9286,0.10014492830851476,64.01382583497161,28.070994516579745,19.773444800168882,40.0,1.0
2025-08-04,4070.7023,0.09870527691103752,62.596461779748566,28.828820114884856,16.700672910826672,46.666666666666664,1.0
2025-08-05,4103.45,0.0983824676608651,61.85514876453521,34.876893037473174,16.59407486224649,56.666666666666664,1.0
2025-08-06,4113.4852,0.09776796704383325,59.61881525533733,36.20649234953028,16.91964526391914,56.666666666666664,1.0
2025-08-07,4114.666,0.09713605944411069,56.4424040805673,32.94264014738629,16.779094794370007,60.0,1.0
2025-08-08,4104.9669,0.09800476541360921,52.76588121207972,29.34377400165782,16.86054071004904,43.333333333333336,1.0
2025-08-11,4122.5106,0.09861728669864137,48.47998064264185,26.60166324910999,17.479100537115265,60.0,1.0
2025-08-12,4143.8252,0.09947690102473637,43.67323727659048,23.859872987850895,17.792171338982676,63.33333333333333,1.0
2025-08-13,4176.5776,0.10042239245552755,40.06058172012369,29.90598344340783,17.342226811265597,63.33333333333333,1.0
2025-08-14,4173.3131,0.09930038015255965,36.95811527667713,34.694169828915086,16.67762889189929,70.0,1.0
2025-08-15,4202.3533,0.09992660798685789,34.170382113824665,33.27725585777854,16.60869544571752,70.0,1.0
2025-08-18,4239.4125,0.10160534506930007,32.15221126640972,39.589709626913084,15.681783172765712,70.0,1.0
2025-08-19,4223.3741,0.10063446378316598,29.58360063228369,34.97586642074869,15.904711622363413,63.33333333333333,1.0
2025-08-20,4271.3958,0.10668563438222486,31.67855982018673,35.31894342048535,9.64654407580459,73.33333333333333,1.0
2025-08-21,4288.0707,0.10518145801207159,35.81147605467426,41.80968109511608,5.917286179426149,73.33333333333333,1.0
2025-08-22,4377.9977,0.1220989741387548,39.71874699733483,48.71403808309765,5.012765859475044,83.33333333333334,1.0
2025-08-25,4469.2217,0.13745173171347244,43.18071726759012,52.87098409389907,4.601154577783358,90.0,1.0
2025-08-26,4452.5905,0.14010207579314266,46.569152972537,50.394513460346715,4.4590530599046705,90.0,1.0
2025-08-27,4386.1266,0.15434456332972,48.732635187717754,44.23609507858119,10.10908410914453,83.33333333333334,1.0
2025-08-28,4463.782,0.14159945924067763,50.73976937121706,40.47469952167683,11.711212516662766,83.33333333333334,1.0
2025-08-29,4496.7591,0.1371545621627006,53.4522178302452,43.31640167333294,11.28316791639476,83.33333333333334,1.0
2025-09-01,4523.7111,0.13708728586369495,56.5563510862358,42.090802433212374,11.18010966388505,75.86206896551724,1.0
2025-09-02,4490.4528,0.14376753083676239,57.84847609342292,36.49613763806316,13.954451811999602,75.86206896551724,1.0
2025-09-03,4459.8296,0.14922876815218103,57.69808749257273,32.15096938534654,16.20892011723077,68.96551724137932,1.0
2025-09-04,4365.2085,0.1739704874769129,56.172457166587456,29.780722891346322,23.373268983248966,58.620689655172406,1.0
2025-09-05,4460.3249,0.18485192702033115,53.25989772496722,23.579103954139498,22.43805956199142,62.06896551724138,1.0
2025-09-08,4467.5733,0.18508145024064457,50.96822367852331,25.094290175954665,22.52352207027469,65.51724137931035,1.0
2025-09-09,4436.2584,0.18914493768773954,47.26564204117197,25.59387873847676,23.03714128186344,63.33333333333333,1.0
2025-09-10,4445.3649,0.1884700781862576,42.00419733408408,22.04047191709753,22.731467959783945,66.66666666666666,-1.0
2025-09-11,4548.0345,0.2004719865929933,36.244707637828945,22.47638213369352,22.160824170664565,76.66666666666667,1.0
2025-09-12,4521.998,0.2033464138550432,31.447717523896213,16.454466202223912,23.113979700341137,63.33333333333333,-1.0
2025-09-15,4533.0557,0.20249600048845368,26.70477036234546,16.22931008708916,23.038656464132405,60.0,-1.0
2025-09-16,4523.3367,0.20180386780105097,23.1499827808705,17.01007896352705,22.106919152833164,53.333333333333336,-1.0
2025-09-17,4551.023,0.19994469022657965,19.72736263327769,18.176989298420594,20.99783469679643,56.666666666666664,0.0
2025-09-18,4498.109,0.20675573745374456,17.88176727027908,12.386272007487763,24.494675782051516,50.0,0.0
2025-09-19,4501.9195,0.1948755557380302,16.361917401805833,11.323161685055233,24.479923045303444,46.666666666666664,0.0
2025-09-22,4522.608,0.18153650817840036,15.433486068759107,11.969055247478105,23.07053708242823,46.666666666666664,0.0
2025-09-23,4519.7781,0.18087791844770865,14.030978850749053,15.341247192548419,20.060406875032218,40.0,0.0
2025-09-24,4566.0708,0.17375734752404015,14.70091629591175,17.068519683103208,11.04316390637127,43.333333333333336,0.0
2025-09-25,4593.4875,0.16451057582442274,16.85889867668808,23.242783535368268,11.790068092062075,46.666666666666664,0.0
2025-09-26,4550.0487,0.16733466849420237,18.287156132051276,21.37746421530706,12.718909256391154,36.666666666666664,0.0
2025-09-29,4620.0528,0.17448650396077717,21.20067624500816,25.541708601283457,9.435744707433912,43.333333333333336,1.0
2025-09-30,4640.6935,0.1719076911217013,24.379485817776732,26.109846667422453,9.64562909043848,46.666666666666664,1.0
2025-10-09,4709.482,0.17481876481746592,27.588245388061456,26.825983592067082,10.015411988954327,43.333333333333336,1.0
2025-10-10,4616.8341,0.17207219236860827,28.01662222314212,23.37276440069994,14.685061098737167,36.666666666666664,1.0
2025-10-13,4593.9785,0.15872106455515744,27.213950950711194,21.338777798793533,24.11283408237942,30.0,-1.0
2025-10-14,4539.0644,0.1657690818672555,26.8492464394507,23.712982221107914,20.230924499309182,23.333333333333332,1.0
2025-10-15,4606.2879,0.1700928622132195,26.851609542742455,22.772519472178963,19.700155643416263,43.333333333333336,1.0
2025-10-16,4618.4218,0.17011064236325138,26.332271763399216,27.42189664469114,16.257341506865256,56.666666666666664,1.0
2025-10-17,4514.2345,0.17207862026110335,24.26950452791639,25.789645750992353,22.02703599540305,23.333333333333332,1.0
2025-10-20,4538.2201,0.17193838098260675,22.63559588973364,25.357525975260774,21.252163690393374,36.666666666666664,1.0
2025-10-21,4607.8715,0.18004679880960847,22.409316762814694,26.604450131563357,21.69595572015383,56.666666666666664,1.0
2025-10-22,4592.57,0.18035711921197511,21.524283442870875,26.78081479645547,22.338841302283623,53.333333333333336,1.0
2025-10-23,4606.3447,0.17947885359009375,19.502688175363676,22.284062083072065,24.32996364393734,50.0,0.0
2025-10-24,4660.6835,0.17744917412800115,18.136193183780264,26.536028382459836,23.407830927060477,73.33333333333333,0.0
2025-10-27,4716.0186,0.18091598534247547,15.411758771116363,28.604555386191215,24.41366602891901,83.33333333333334,0.0
2025-10-28,4691.973,0.18261150919160196,12.843181919669219,29.246185294164718,23.886853990484326,76.66666666666667,0.0
2025-10-29,4747.8378,0.18570205072730148,9.668645303473047,23.973934118227643,24.54945090762616,73.33333333333333,0.0
2025-10-30,4709.911,0.1869307468391117,8.906430579857266,26.593238638478844,20.82836769924415,60.0,0.0
2025-10-31,4640.6676,0.19477163234938671,10.146180675166915,28.15813229920725,17.456922888915997,56.666666666666664,0.0
2025-11-03,4653.4028,0.19121314810197645,9.87841379370741,25.722966822101977,23.661115728292426,53.333333333333336,0.0
2025-11-04,4618.699,0.1858422362813701,9.838504936276326,27.402610836884445,23.97326197195758,43.333333333333336,0.0
2025-11-05,4627.257,0.1852488064879206,8.670445176683538,22.685771078639945,27.287008874456998,46.666666666666664,0.0
2025-11-06,4693.4032,0.18469409279863122,9.590499059000496,30.01382757979445,19.698690495202655,60.0,0.0
2025-11-07,4678.7944,0.1702126032789818,10.485799246132085,31.12996612459149,20.17943161162182,56.666666666666664,0.0
2025-11-10,4695.0507,0.16911264405124224,10.407786554183488,27.010411306062426,22.51805498328285,70.0,0.0
2025-11-11,4652.1655,0.16649266925679623,10.595588241523343,27.857091901499192,22.033648785469257,56.666666666666664,0.0
2025-11-12,4645.9079,0.15878209881921346,11.078592243427014,28.57513556076522,22.841612025200263,56.666666666666664,0.0
2025-11-13,4702.0738,0.16394968311124336,11.184858251763353,26.505821189795792,22.692392980451384,60.0,0.0
2025-11-14,4628.1398,0.15233462071304518,11.496981241950511,18.901202438197757,24.19041525194897,53.333333333333336,0.0
2025-11-17,4598.0525,0.1539603473500705,12.695904126656027,17.388519136884742,30.16757820559728,43.333333333333336,0.0
2025-11-18,4568.1928,0.14569832984207173,15.182569523260543,15.795850096098487,33.565700356798764,40.0,0.0
2025-11-19,4588.2922,0.14621670469492115,17.199112324718005,14.526182516091854,34.2097741859522,46.666666666666664,0.0
2025-11-20,4564.9483,0.14682847217564768,17.214577528534694,16.28005143729651,26.380506801026105,36.666666666666664,0.0
2025-11-21,4453.6076,0.162297428408127,19.444713140880058,15.251191609777612,31.96395024847382,26.666666666666668,0.0
2025-11-24,4448.0478,0.15363811611937273,22.11014130943078,14.076730473653631,36.18923975434084,26.666666666666668,-1.0
2025-11-25,4490.4047,0.15948752548090814,23.46418879369288,18.329019926866906,32.70126836544784,26.666666666666668,-1.0
2025-11-26,4517.6255,0.15390981597269277,24.651922340855283,15.2479577344149,33.450328276389705,40.0,-1.0
2025-11-27,4515.4027,0.15261868545927285,25.37019495276534,17.164574315757427,32.876441455981706,40.0,-1.0
2025-11-28,4526.6616,0.14578367579390542,27.03131521612886,17.199780081214097,33.63145064248037,30.0,-1.0
2025-12-01,4576.4856,0.15158540497638287,27.803888640839602,21.501952889581844,33.97866829394064,43.333333333333336,-1.0
2025-12-02,4554.3347,0.15033782856238023,28.251500157956606,21.814430864805196,31.016298709337477,40.0,-1.0
2025-12-03,4531.0486,0.1508269697635845,29.881642077178842,17.85648407890521,33.583214356066385,36.666666666666664,-1.0
2025-12-04,4546.5664,0.14080264600227355,31.10794211287862,18.588695313247662,34.10224947460214,33.33333333333333,-1.0
2025-12-05,4584.5368,0.1449354334487004,29.790519292794027,23.09722515882597,27.348612474482476,50.0,-1.0
2025-12-08,4621.7545,0.1477373719303794,27.95902555154739,29.148360073154606,23.67651453182943,66.66666666666666,1.0
2025-12-09,4598.2232,0.14537066577652513,25.63192884740898,28.811170867540604,24.637433995894206,60.0,1.0
2025-12-10,4591.8273,0.14537411297999722,24.20197491982965,27.542963245761783,29.6339082426529,56.666666666666664,-1.0
2025-12-11,4552.1848,0.13999738444289248,23.845878613122675,31.084734480291264,16.586967494405215,50.0,1.0
2025-12-12,4580.95,0.1321066294403977,23.308598459723495,31.265569104999752,14.55516437913512,53.333333333333336,1.0
2025-12-15,4552.0596,0.13199090631822288,23.593077479176053,29.009452503238187,14.895416181374463,40.0,1.0
2025-12-16,4497.5545,0.13665887837183183,21.044781935116585,24.45972407408756,23.641186653989195,33.33333333333333,1.0
2025-12-17,4579.875,0.15168469057425682,19.32330537238406,25.629387305322332,22.14327022629199,43.333333333333336,0.0
2025-12-18,4552.7926,0.15207630773016007,17.925683434071527,25.751140028317188,19.923419003622932,36.666666666666664,0.0
2025-12-19,4568.1781,0.12224218452433186,16.716402751326935,22.449973190261872,20.085635236208503,40.0,0.0
2025-12-22,4611.6235,0.12519847258089564,16.359192793835504,25.41721901170383,19.802429333076294,46.666666666666664,0.0
2025-12-23,4620.7341,0.12187566607809548,15.930275649930538,29.591508424340805,17.918987857614717,46.666666666666664,0.0
2025-12-24,4634.0586,0.12080117948873366,15.675058994427783,29.82980996016092,17.568181759752907,50.0,0.0
2025-12-25,4642.5357,0.1206252016873786,16.519580877465106,27.59477224413658,18.30054240137688,56.666666666666664,0.0
2025-12-26,4657.24,0.12072865658791594,16.817042902989648,25.051093616523534,18.69751311758027,56.666666666666664,0.0
2025-12-29,4639.3721,0.11657080913349711,17.362821161557992,25.104323727103168,18.38527824663389,53.333333333333336,0.0
2025-12-30,4651.2818,0.11484733168804878,18.878529692331636,25.168197718512193,15.140615925851991,60.0,0.0
2025-12-31,4629.9395,0.11448684254938174,18.303529573258988,24.50742733514899,15.549928899072235,46.666666666666664,0.0
